ID;StartTime;Path
0;2017-03-20 22:14:00;A(-113):(82):B1(903):(-1758):C(1800):(2962):D1(166):(-1160):E0(5078)
1;2019-04-19 19:46:00;A(80):(519):B1(277):(2694):C(-3446):(-789):D1(55):(-7735):E0(-418)
2;2020-02-09 12:17:00;A(119):(-494):B1(10):(2960):C(-242):(3117):D1(-529):(-4753):E0(-395)
3;2017-09-23 18:19:00;A(-1236):(-161):B1(-304):(-692):C(-997):(790):D1(-45):(1609):E0(2707)
4;2017-04-26 04:05:00;A(-749):(120):B1(218):(2093):C(-2337):(2310):D1(677):(-1436):E0(-125)
5;2017-01-08 20:23:00;A(-644):(-142):B1(99):(627):C(-1168):(-2196):D1(-225):(8664):E0(1357)
6;2019-01-01 01:09:00;A(-273):(242):B1(-607):(2240):C(-3426):(1186):D1(-289):(-7466):E0(-1792)
7;2017-06-29 23:08:00;A(2047):(100):B1(-315):(-1569):C(-517):(-3497):D1(-100):(2493):E0(4006)
8;2017-10-09 14:33:00;A(-502):(72):B1(-275):(-546):C(-3024):(-4956):D1(288):(-6947):E0(-3957)
9;2017-01-02 14:17:00;A(-63):(-401):B1(599):(1712):C(-1277):(3560):D1(-925):(126):E0(-1868)
10;2017-02-24 16:55:00;A(862):(-33):B1(-405):(728):C(81):(-4582):D1(202):(-509):E0(-4971)
11;2017-05-27 08:04:00;A(916):(363):B1(516):(-529):C(1065):(24):D1(-19):(-604):E0(1418)
12;2017-07-09 01:04:00;A(792):(9):B1(378):(2229):C(917):(3200):D1(-636):(-520):E0(4694)
13;2017-07-21 23:13:00;A(3492):(40):B1(-57):(6554):C(-2860):(1258):D1(408):(-6582):E0(12)
14;2018-01-14 16:49:00;A(363):(300):B1(251):(648):C(1817):(-6872):D1(-177):(2415):E0(-3351)
15;2017-10-14 20:36:00;A(618):(-182):B1(434):(-226):C(-3515):(-5827):D1(288):(1397):E0(-137)
16;2017-01-08 09:17:00;A(-347):(251):B1(1012):(861):C(-1928):(9872):D1(293):(1312):E0(1718)
17;2017-01-04 21:26:00;A(-406):(43):B1(221):(-1107):C(-2241):(-10759):D1(-1149):(2864):E0(407)
18;2017-01-13 03:59:00;A(-795):(74):B1(274):(1711):C(-2345):(-7458):D1(-101):(-2436):E0(-2312)
19;2017-03-16 03:53:00;A(-179):(-21):B1(53):(1352):C(3829):(1603):D1(3):(-2735):E0(3753)
20;2017-03-12 12:04:00;A(1081):(61):B1(662):(-5157):C(476):(1958):D1(14):(-3634):E0(-2487)
21;2017-04-08 18:31:00;A(936):(-249):B1(430):(1579):C(-177):(-972):D1(200):(20392):E0(-1109)
22;2017-01-31 14:53:00;A(-936):(388):B1(-1312):(4180):C(1443):(5081):D1(-212):(-3260):E0(4576)
23;2017-05-21 15:18:00;A(2669):(45):B1(-152):(1347):C(308):(359):D1(-146):(3515):E0(-136)
24;2017-01-06 02:26:00;A(-1897):(-166):B1(13):(42):C(1031):(-5469):D1(-1032):(-83):E0(-985)
25;2017-10-10 21:02:00;A(-1083):(-88):B1(4):(1648):C(-1187):(-1700):D1(7):(1181):E0(-283)
26;2017-07-21 18:15:00;A(-54):(-96):B1(174):(-1450):C(-3114):(-739):D1(-1432):(-1735):E0(4069)
27;2017-01-05 19:47:00;A(-553):(168):B1(514):(-11):C(-458):(4188):D1(3):(-4967):E0(-2562)
28;2017-10-23 12:58:00;A(-2435):(-12):B1(794):(-700):C(-2218):(-4020):D1(200):(-4):E0(222)
29;2017-06-15 02:40:00;A(155):(-156):B1(-183):(2730):C(2831):(-2524):D1(94):(687):E0(551)
30;2017-01-05 18:47:00;A(-42):(44):B1(-95):(2314):C(866):(4):D1(-234):(5686):E0(-977)
31;2017-05-24 01:43:00;A(203):(-60):B1(-308):(6088):C(-2328):(3555):D1(217):(-1811):E0(422)
32;2017-03-21 01:29:00;A(-15):(12):B1(-715):(3139):C(3505):(-5806):D1(66):(-330):E0(-2663)
33;2017-08-03 02:38:00;A(225):(578):B1(844):(4557):C(-1104):(685):D1(454):(-2242):E0(-433)
34;2017-09-06 21:25:00;A(170):(-92):B1(66):(-180):C(-692):(-1691):D1(157):(307):E0(-69)
35;2017-01-13 01:07:00;A(673):(-121):B1(-50):(2207):C(3598):(1618):D1(-24):(-9497):E0(1553)
36;2017-03-06 11:35:00;A(769):(135):B1(129):(-2819):C(3641):(-7193):D1(102):(1429):E0(2019)
37;2017-01-01 21:55:00;A(-654):(62):B1(275):(273):C(1936):(-4590):D1(-22):(-6872):E0(-370)
38;2017-01-19 12:28:00;A(-2263):(21):B1(350):(-1170):C(1587):(-7101):D1(-1111):(2731):E0(1095)
39;2017-04-05 14:47:00;A(215):(-14):B1(83):(-560):C(671):(-1071):D1(-233):(-5091):E0(932)
40;2017-03-29 22:11:00;A(196):(-181):B1(285):(4219):C(1274):(-6594):D1(165):(-7039):E0(560)
41;2017-05-07 09:41:00;A(594):(64):B1(-232):(2079):C(-5037):(-1797):D1(179):(4819):E0(158)
42;2017-10-28 04:56:00;A(-870):(150):B1(456):(723):C(-1935):(783):D1(-8):(1205):E0(2230)
43;2017-12-12 22:51:00;A(-372):(155):B1(243):(-2588):C(-559):(2230):D1(91):(2940):E0(-758)
44;2017-09-06 13:37:00;A(-100):(111):B1(324):(-499):C(-1530):(4746):D1(563):(-759):E0(-1674)
45;2017-08-17 11:31:00;A(1589):(-18):B1(62):(-1120):C(1414):(369):D1(47):(-195):E0(-432)
46;2017-01-10 21:41:00;A(-1356):(143):B1(-8):(-702):C(-1599):(1229):D1(142):(-3190):E0(-159)
47;2017-06-10 22:36:00;A(774):(156):B1(19):(11):C(-866):(508):D1(-245):(-4152):E0(-275)
48;2017-02-02 20:56:00;A(-15):(-169):B1(23):(-783):C(3818):(79):D1(63):(25):E0(-35)
49;2017-10-21 21:18:00;A(-1347):(-5):B1(355):(915):C(-1959):(1613):D1(-194):(973):E0(-662)
50;2017-03-03 17:34:00;A(1444):(52):B1(204):(-1821):C(323):(4408):D1(1544):(-64):E0(4500)
51;2017-04-07 17:43:00;A(23):(164):B1(125):(1578):C(1759):(8084):D1(216):(3452):E0(2970)
52;2017-02-23 13:17:00;A(731):(34):B1(171):(2516):C(-1339):(583):D1(137):(-10697):E0(3008)
53;2017-01-03 20:23:00;A(22):(158):B1(391):(4604):C(2298):(1188):D1(210):(11092):E0(4118)
54;2017-01-31 10:27:00;A(-120):(-88):B1(-589):(-924):C(-1130):(179):D1(34):(3621):E0(-126)
55;2017-02-15 21:23:00;A(493):(-103):B1(-419):(334):C(-174):(5124):D1(407):(45):E0(347)
56;2017-05-14 06:33:00;A(278):(220):B1(-56):(218):C(-837):(1553):D1(-98):(4076):E0(-110)
57;2017-01-26 18:01:00;A(-246):(-4):B1(-310):(-155):C(3381):(1892):D1(127):(4847):E0(430)
58;2017-04-03 11:37:00;A(93):(148):B1(322):(1667):C(649):(-2378):D1(-211):(4597):E0(-3084)
59;2017-01-26 17:17:00;A(-162):(-332):B1(521):(603):C(1662):(-904):D1(344):(-1557):E0(-1899)
60;2017-02-26 14:51:00;A(-6):(-282):B1(45):(-8829):C(83):(1875):D1(86):(290):E0(-1514)
61;2017-12-29 16:44:00;A(2864):(11):B1(47):(-2422):C(2701):(2155):D1(-414):(-1591):E0(1188)
62;2017-06-16 07:15:00;A(514):(-140):B1(-158):(-2903):C(1448):(-1181):D1(-116):(2346):E0(235)
63;2018-11-29 01:21:00;A(27):(236):B1(66):(8111):C(-1145):(-2127):D1(-153):(2529):E0(1541)
64;2017-01-10 16:03:00;A(327):(22):B1(26):(3389):C(432):(-549):D1(143):(2157):E0(7022)
65;2017-10-05 00:02:00;A(-292):(-1):B1(-143):(-704):C(2352):(-1099):D1(591):(-3750):E0(2839)
66;2017-01-19 04:11:00;A(-1959):(51):B1(-127):(676):C(3051):(1468):D1(-424):(-6966):E0(-668)
67;2017-11-07 03:33:00;A(1894):(7):B1(55):(2139):C(-3293):(-74):D1(-321):(417):E0(381)
68;2017-02-25 10:16:00;A(-1582):(-34):B1(-717):(-2755):C(309):(-2443):D1(-204):(154):E0(-1347)
69;2017-08-30 04:26:00;A(648):(-5):B1(5):(-3176):C(-960):(1540):D1(199):(69):E0(1206)
70;2017-04-30 13:34:00;A(1997):(-15):B1(329):(4192):C(-1168):(204):D1(-235):(-500):E0(59)
71;2017-02-18 13:15:00;A(-679):(-202):B1(429):(2969):C(-808):(-2415):D1(1031):(-9307):E0(135)
72;2017-02-23 07:16:00;A(1966):(-35):B1(230):(1375):C(1334):(6123):D1(-190):(2969):E0(-1980)
73;2017-05-30 08:10:00;A(-816):(-182):B1(-745):(-719):C(1908):(9315):D1(296):(-5888):E0(48)
74;2019-01-07 08:48:00;A(1037):(-250):B1(734):(-2965):C(581):(-5411):D1(392):(-428):E0(351)
75;2017-03-27 23:47:00;A(-289):(6):B1(268):(-4668):C(87):(-391):D1(175):(-1040):E0(-753)
76;2017-04-18 14:26:00;A(-97):(104):B1(191):(2726):C(9634):(7784):D1(847):(14241):E0(-893)
78;2017-12-10 21:35:00;A(-474):(-109):B1(382):(56):C(327):(4443):D1(-48):(4263):E0(-642)
79;2017-02-12 19:10:00;A(1892):(88):B1(50):(1888):C(-1697):(-1513):D1(-81):(2922):E0(-1413)
80;2017-02-28 05:01:00;A(-185):(-107):B1(48):(-508):C(1471):(618):D1(-38):(-2552):E0(1138)
81;2018-01-25 18:39:00;A(94):(426):B1(-579):(-2286):C(2565):(2433):D1(26):(389):E0(177)
82;2017-07-18 16:01:00;A(-137):(18):B1(-341):(-4):C(-1136):(1317):D1(14):(1299):E0(188)
83;2018-01-06 13:44:00;A(-626):(10):B1(9):(-230):C(-371):(20155):D1(-175):(-1223):E0(-3936)
84;2017-12-24 03:50:00;A(-1101):(214):B1(-103):(-253):C(-277):(413):D1(450):(-2953):E0(3023)
85;2017-01-08 13:26:00;A(893):(-64):B1(-85):(-963):C(267):(2058):D1(-10):(178):E0(-3087)
86;2017-02-10 21:56:00;A(601):(91):B1(56):(309):C(-171):(-3399):D1(-542):(3733):E0(2524)
87;2017-04-27 05:25:00;A(416):(-85):B1(-120):(925):C(2347):(4027):D1(-104):(-2241):E0(671)
88;2017-01-07 20:49:00;A(-2756):(79):B1(-61):(-2813):C(-2555):(-4648):D1(29):(6108):E0(119)
89;2017-08-28 09:12:00;A(36):(-643):B1(-267):(78):C(-2656):(-1225):D1(-100):(-618):E0(808)
90;2017-04-15 14:58:00;A(703):(108):B1(-503):(-471):C(414):(-8214):D1(109):(7119):E0(-3347)
91;2017-04-24 13:24:00;A(1959):(111):B1(-346):(1538):C(-931):(8037):D1(415):(-4426):E0(1219)
92;2017-01-08 16:39:00;A(564):(51):B1(-839):(5144):C(3941):(-387):D1(-203):(1896):E0(-618)
93;2017-05-28 23:28:00;A(-1148):(-283):B1(-834):(2285):C(3116):(-1615):D1(124):(9412):E0(-1431)
94;2017-01-02 22:44:00;A(1724):(75):B1(218):(-428):C(-3416):(448):D1(-853):(2556):E0(1842)
95;2017-12-24 22:47:00;A(1093):(130):B1(89):(10890):C(-1982):(1659):D1(307):(9540):E0(-5299)
96;2018-06-18 23:09:00;A(-2534):(27):B1(308):(957):C(-42):(-3858):D1(227):(-2434):E0(-1368)
97;2017-03-17 10:27:00;A(-1315):(1):B1(32):(1311):C(-2719):(3242):D1(-244):(-2115):E0(624)
98;2017-05-21 07:16:00;A(-352):(-75):B1(95):(-889):C(594):(1748):D1(128):(-3684):E0(-1047)
99;2017-10-12 19:01:00;A(-985):(122):B1(-210):(386):C(457):(-5872):D1(520):(-98):E0(-7229)
100;2018-06-15 14:27:00;A(-154):(-23):B1(-20):(-118):C(-2072):(-1003):D1(81):(-1930):E0(-477)
101;2017-02-14 22:09:00;A(3370):(-228):B1(-1208):(-3381):C(1650):(773):D1(-476):(3859):E0(-3622)
102;2017-06-10 23:07:00;A(-328):(-1):B1(78):(-5846):C(743):(1707):D1(-757):(3998):E0(1938)
103;2018-02-07 10:25:00;A(-684):(33):B1(199):(147):C(-14):(4013):D1(-347):(163):E0(-218)
104;2017-05-08 21:50:00;A(165):(95):B1(823):(-2812):C(209):(-1426):D1(82):(5849):E0(2336)
105;2018-07-21 18:05:00;A(-313):(-183):B1(-175):(394):C(1817):(3317):D1(-257):(6211):E0(91)
106;2017-11-14 17:26:00;A(-1845):(164):B1(-39):(-232):C(139):(2114):D1(-537):(-7040):E0(1848)
107;2017-01-29 19:09:00;A(500):(54):B1(-313):(-891):C(-2910):(8959):D1(-106):(-1629):E0(2761)
108;2017-06-22 03:28:00;A(-495):(212):B1(232):(518):C(-1536):(-1345):D1(203):(-2693):E0(1692)
109;2017-02-20 19:45:00;A(989):(222):B1(1264):(-2140):C(1487):(-2036):D1(258):(-3230):E0(1350)
110;2017-04-12 23:09:00;A(-198):(-206):B1(703):(-476):C(538):(4592):D1(26):(5618):E0(3323)
111;2017-02-19 01:51:00;A(-2830):(49):B1(-307):(-2443):C(-115):(-3246):D1(-161):(-5170):E0(-215)
112;2017-02-04 02:28:00;A(853):(-154):B1(106):(1):C(-3320):(579):D1(129):(-1371):E0(5755)
113;2017-07-21 10:20:00;A(-1725):(106):B1(973):(-5332):C(1408):(56):D1(-326):(1582):E0(238)
114;2017-06-19 14:57:00;A(-405):(106):B1(16):(917):C(1175):(-10384):D1(-14):(487):E0(-1606)
115;2017-02-05 12:13:00;A(336):(12):B1(-72):(-647):C(162):(-4810):D1(-625):(-37):E0(-2973)
116;2017-01-30 13:02:00;A(480):(-10):B1(1613):(-2333):C(-737):(3282):D1(-150):(-987):E0(691)
117;2017-12-18 13:53:00;A(201):(164):B1(112):(4637):C(-229):(-757):D1(-209):(5474):E0(1453)
118;2017-03-11 05:45:00;A(689):(-126):B1(182):(4022):C(-47):(-2088):D1(-12):(6208):E0(3293)
119;2017-01-15 23:08:00;A(156):(-194):B1(223):(-1385):C(2946):(-4589):D1(26):(4047):E0(-850)
120;2017-01-21 01:29:00;A(-444):(233):B1(666):(341):C(-756):(11085):D1(-39):(-5448):E0(3079)
121;2017-02-22 01:02:00;A(-1410):(-87):B1(915):(2969):C(-9):(4994):D1(-105):(-12):E0(-3776)
123;2017-04-13 03:07:00;A(-1535):(-17):B1(-1147):(-2759):C(765):(1449):D1(797):(2412):E0(2615)
124;2018-02-25 01:02:00;A(-654):(-31):B1(-7):(-1524):C(2815):(-2188):D1(39):(710):E0(-610)
125;2018-08-01 15:53:00;A(-888):(200):B1(227):(1665):C(3043):(1078):D1(432):(-2175):E0(-340)
126;2017-01-23 10:15:00;A(159):(-49):B1(1102):(-1460):C(511):(-3379):D1(194):(-1222):E0(-986)
127;2017-03-03 21:49:00;A(-181):(337):B1(-45):(1625):C(-1063):(3531):D1(170):(1723):E0(404)
128;2017-03-20 05:42:00;A(-334):(-57):B1(-360):(426):C(-1718):(-1891):D1(-788):(-18746):E0(28)
129;2017-06-06 19:58:00;A(-1108):(-184):B1(-587):(562):C(203):(-3348):D1(-585):(2179):E0(-4358)
130;2018-04-19 23:23:00;A(-895):(-400):B1(-93):(2785):C(-183):(5151):D1(-50):(8334):E0(88)
131;2017-04-22 23:57:00;A(369):(253):B1(-16):(6188):C(400):(2087):D1(356):(12327):E0(4359)
132;2017-01-12 04:26:00;A(230):(443):B1(186):(-3291):C(368):(3280):D1(-28):(-2602):E0(1037)
133;2017-10-20 13:26:00;A(1013):(323):B1(57):(297):C(145):(-413):D1(217):(2812):E0(-201)
134;2017-04-08 13:26:00;A(-708):(-90):B1(-228):(46):C(982):(-2270):D1(-209):(7512):E0(3732)
135;2017-01-07 11:15:00;A(-598):(86):B1(-269):(-1173):C(1637):(-3222):D1(-498):(3493):E0(856)
136;2017-05-17 09:00:00;A(95):(-68):B1(105):(2111):C(-1617):(2865):D1(340):(7518):E0(-2500)
137;2017-08-29 20:24:00;A(1230):(-36):B1(-81):(907):C(-4871):(1452):D1(35):(-75):E0(-608)
138;2017-08-19 23:05:00;A(563):(420):B1(-178):(31):C(1170):(1984):D1(-250):(-103):E0(2323)
139;2017-05-17 15:32:00;A(726):(-428):B1(-727):(1452):C(2158):(3428):D1(-101):(-110):E0(-1947)
140;2017-01-26 03:54:00;A(676):(16):B1(25):(308):C(889):(-1776):D1(129):(6744):E0(-952)
141;2017-02-21 03:41:00;A(238):(-37):B1(-118):(-552):C(1408):(3021):D1(-112):(-2767):E0(-2189)
142;2017-07-11 05:16:00;A(-115):(508):B1(-415):(2860):C(101):(-153):D1(-75):(6116):E0(-99)
143;2017-01-20 18:33:00;A(-19):(329):B1(429):(3039):C(-5434):(-1211):D1(284):(6930):E0(1007)
144;2017-06-07 21:17:00;A(19):(58):B1(288):(518):C(-233):(1082):D1(103):(438):E0(-363)
145;2017-12-17 21:16:00;A(172):(-4):B1(258):(294):C(1321):(5409):D1(237):(14185):E0(254)
146;2017-01-24 05:25:00;A(460):(-73):B1(161):(811):C(3259):(4072):D1(244):(16210):E0(-6533)
147;2017-04-02 22:46:00;A(607):(394):B1(171):(159):C(158):(713):D1(-97):(-55):E0(1506)
148;2017-06-11 07:25:00;A(-57):(75):B1(145):(-85):C(-1640):(1807):D1(-759):(2956):E0(243)
149;2017-07-13 17:18:00;A(2029):(-423):B1(-114):(856):C(-1313):(1323):D1(-168):(-4315):E0(-260)
150;2019-04-09 19:21:00;A(-259):(-12):B1(27):(211):C(-167):(-2543):D1(260):(2033):E0(-1148)
151;2017-12-22 20:09:00;A(1012):(9):B1(67):(4209):C(604):(7144):D1(661):(217):E0(-1046)
152;2017-09-09 18:41:00;A(274):(-22):B1(509):(-239):C(229):(-198):D1(961):(2741):E0(290)
153;2017-07-05 23:38:00;A(789):(244):B1(187):(-3057):C(-600):(-1218):D1(-33):(-1171):E0(-553)
154;2017-02-23 22:55:00;A(-1283):(-62):B1(877):(718):C(1208):(-1482):D1(-206):(161):E0(248)
155;2017-05-29 07:23:00;A(-2733):(88):B1(-215):(-1452):C(45):(-4481):D1(699):(2025):E0(-2135)
156;2018-02-03 07:43:00;A(81):(-33):B1(7):(-686):C(811):(3781):D1(13):(-57):E0(-3662)
157;2018-05-02 17:19:00;A(115):(-167):B1(-321):(-254):C(-460):(373):D1(357):(9494):E0(833)
158;2017-08-01 16:20:00;A(-1519):(32):B1(753):(1572):C(-1686):(528):D1(608):(-1849):E0(3762)
159;2017-05-16 12:31:00;A(-74):(168):B1(180):(-500):C(-1053):(2429):D1(-137):(5142):E0(3110)
160;2017-02-15 04:46:00;A(730):(102):B1(-198):(-423):C(-1063):(-193):D1(-161):(976):E0(1962)
161;2017-03-02 04:07:00;A(598):(211):B1(-93):(-748):C(1291):(-362):D1(483):(630):E0(-1177)
162;2017-01-24 16:46:00;A(-897):(-17):B1(-128):(865):C(-6433):(-3191):D1(289):(-1061):E0(-1879)
163;2018-01-10 20:42:00;A(-1066):(78):B1(454):(-248):C(-547):(-6523):D1(144):(4525):E0(113)
164;2017-02-07 19:55:00;A(-277):(146):B1(171):(4735):C(1824):(-601):D1(75):(-3092):E0(1255)
165;2017-11-23 18:03:00;A(-376):(-89):B1(88):(-1529):C(41):(343):D1(248):(-2986):E0(2064)
166;2017-04-12 14:59:00;A(-1288):(-109):B1(378):(-1022):C(-130):(2490):D1(79):(245):E0(752)
167;2017-03-19 10:34:00;A(-210):(200):B1(216):(1685):C(-1320):(10486):D1(382):(-3222):E0(-2472)
168;2018-08-13 03:05:00;A(1224):(-13):B1(60):(1984):C(-2456):(3741):D1(950):(561):E0(905)
169;2017-03-23 01:12:00;A(-154):(588):B1(755):(-803):C(1345):(-4103):D1(245):(2018):E0(709)
170;2017-07-16 01:18:00;A(964):(198):B1(776):(-188):C(1449):(1870):D1(948):(-1243):E0(1453)
171;2017-07-29 12:25:00;A(1117):(-239):B1(38):(-1712):C(2292):(-1000):D1(-804):(-3564):E0(1961)
172;2017-08-20 07:09:00;A(221):(242):B1(390):(192):C(4678):(-128):D1(-30):(9890):E0(-75)
173;2017-01-12 17:41:00;A(-302):(72):B1(-278):(1588):C(450):(-1171):D1(410):(2448):E0(-50)
174;2017-06-07 20:06:00;A(280):(-265):B1(341):(2169):C(-99):(-175):D1(416):(-426):E0(-129)
175;2017-03-31 08:00:00;A(-700):(191):B1(-957):(405):C(-294):(44):D1(408):(-4022):E0(-837)
176;2017-05-22 19:32:00;A(347):(-446):B1(-333):(1202):C(-531):(-5172):D1(595):(10058):E0(1290)
177;2017-05-30 10:48:00;A(-3266):(-249):B1(256):(-2815):C(1233):(-5268):D1(34):(4215):E0(-79)
178;2017-01-24 19:52:00;A(604):(139):B1(259):(1115):C(1054):(-64):D1(-86):(1249):E0(3038)
179;2017-07-23 13:29:00;A(-168):(238):B1(-675):(886):C(892):(972):D1(217):(723):E0(-2466)
180;2018-04-02 03:45:00;A(663):(215):B1(134):(-2416):C(1797):(520):D1(-492):(-11498):E0(8104)
181;2017-04-05 13:42:00;A(81):(58):B1(933):(-1401):C(-2609):(159):D1(40):(2734):E0(469)
182;2017-03-14 23:24:00;A(1491):(10):B1(57):(581):C(-5836):(4131):D1(2):(-6205):E0(-3566)
183;2017-01-17 02:45:00;A(-309):(18):B1(294):(2749):C(2294):(-1733):D1(492):(7195):E0(-643)
184;2017-01-26 20:46:00;A(437):(17):B1(-428):(2550):C(985):(3913):D1(-196):(921):E0(-5448)
185;2017-02-21 19:46:00;A(2601):(-273):B1(146):(1553):C(1481):(2921):D1(-221):(-223):E0(-673)
186;2017-02-12 08:33:00;A(-689):(196):B1(55):(4056):C(2482):(-863):D1(16):(771):E0(161)
187;2017-04-30 13:37:00;A(2671):(32):B1(4):(2808):C(-381):(2478):D1(235):(-2479):E0(36)
188;2017-06-03 12:14:00;A(913):(119):B1(173):(473):C(-3045):(285):D1(771):(24):E0(-668)
189;2017-03-05 07:54:00;A(356):(58):B1(122):(4580):C(983):(-1721):D1(-18):(3725):E0(-1843)
190;2017-01-24 22:18:00;A(-37):(21):B1(1):(-821):C(-3345):(325):D1(235):(2782):E0(1133)
191;2017-07-27 09:15:00;A(299):(596):B1(873):(-3294):C(237):(4881):D1(111):(748):E0(3390)
192;2017-04-01 17:50:00;A(838):(-86):B1(56):(2468):C(2756):(1553):D1(-57):(5599):E0(-1196)
193;2017-02-10 10:26:00;A(-2042):(405):B1(101):(3584):C(-2842):(-3550):D1(10):(1347):E0(887)
194;2017-05-01 13:50:00;A(-1383):(-25):B1(39):(-856):C(223):(-1532):D1(101):(-5003):E0(3413)
195;2017-03-18 06:58:00;A(-600):(324):B1(163):(942):C(823):(1153):D1(854):(-2046):E0(-15062)
196;2018-01-06 08:31:00;A(468):(208):B1(-68):(-4551):C(-1712):(62):D1(148):(2932):E0(2624)
198;2018-12-05 09:46:00;A(1478):(-427):B1(296):(-168):C(-822):(570):D1(284):(-397):E0(770)
199;2017-10-18 23:33:00;A(1388):(353):B1(-95):(-2849):C(1331):(-1465):D1(-698):(6112):E0(-586)
200;2017-06-06 02:34:00;A(1636):(-118):B1(436):(-1149):C(1519):(686):D1(146):(-2192):E0(-3916)
201;2017-08-25 06:41:00;A(371):(231):B1(245):(712):C(1669):(-3328):D1(79):(3618):E0(-1588)
202;2017-09-16 00:41:00;A(-380):(-23):B1(-245):(159):C(424):(1742):D1(-35):(411):E0(-1411)
203;2017-01-07 20:53:00;A(158):(-215):B1(27):(1871):C(-1866):(-186):D1(-18):(-67):E0(2936)
205;2017-07-15 03:08:00;A(-359):(214):B1(243):(-691):C(16):(2360):D1(477):(99):E0(-1002)
207;2018-05-01 13:52:00;A(183):(-10):B1(-301):(-2869):C(-4867):(-710):D1(-474):(1558):E0(403)
208;2017-02-09 18:15:00;A(1181):(42):B1(-457):(2483):C(-371):(-52):D1(287):(7656):E0(476)
209;2017-12-10 20:30:00;A(-20):(31):B1(-29):(-2599):C(1273):(943):D1(32):(1909):E0(4338)
210;2017-05-23 14:59:00;A(-82):(25):B1(132):(-31):C(-2320):(-1265):D1(7):(4579):E0(1276)
211;2017-05-01 22:04:00;A(-111):(-33):B1(-114):(68):C(-2283):(376):D1(-383):(-114):E0(-269)
212;2017-07-14 17:39:00;A(553):(-139):B1(290):(-1631):C(3071):(-11118):D1(577):(-2428):E0(-891)
213;2017-02-01 16:15:00;A(321):(-116):B1(-383):(2434):C(1756):(304):D1(24):(721):E0(-2126)
214;2018-02-23 22:58:00;A(791):(294):B1(307):(-3164):C(-1507):(4677):D1(573):(-971):E0(-384)
215;2017-07-13 18:14:00;A(-1345):(160):B1(-802):(-741):C(499):(-3595):D1(-212):(7760):E0(1727)
216;2018-01-15 22:55:00;A(1579):(-88):B1(-1022):(-149):C(1068):(-2525):D1(287):(-4436):E0(-391)
217;2017-02-01 02:10:00;A(529):(324):B1(-89):(-604):C(-112):(-5336):D1(-276):(-230):E0(-4006)
218;2017-12-07 06:02:00;A(69):(18):B1(180):(1686):C(-1641):(-3103):D1(438):(427):E0(-3285)
219;2017-09-30 03:17:00;A(92):(-118):B1(17):(712):C(2089):(1361):D1(-205):(-392):E0(-50)
220;2017-02-08 22:52:00;A(-1078):(682):B1(-63):(939):C(4443):(1870):D1(-236):(1061):E0(-2624)
221;2017-07-13 05:44:00;A(-14):(-740):B1(667):(6242):C(577):(-1114):D1(519):(6112):E0(-501)
222;2017-05-12 03:27:00;A(538):(277):B1(-37):(-2720):C(-1062):(-1079):D1(580):(-1767):E0(717)
223;2017-02-16 05:34:00;A(687):(-35):B1(-437):(376):C(415):(-2705):D1(616):(-10771):E0(4472)
224;2017-02-23 02:36:00;A(1013):(162):B1(-368):(1462):C(2309):(-534):D1(116):(1503):E0(-1325)
225;2017-07-27 18:45:00;A(325):(98):B1(-1073):(1287):C(-724):(1191):D1(-132):(1549):E0(4142)
226;2017-02-10 14:01:00;A(-470):(-343):B1(183):(-2951):C(652):(-2393):D1(52):(79):E0(-1976)
227;2017-09-06 12:58:00;A(-800):(-275):B1(-533):(-964):C(38):(2381):D1(142):(1746):E0(-505)
228;2017-01-23 21:02:00;A(60):(-137):B1(14):(-1411):C(-2071):(194):D1(188):(-4197):E0(-2135)
229;2017-04-09 09:23:00;A(274):(229):B1(-371):(-2571):C(-3144):(181):D1(-501):(-420):E0(-5572)
230;2017-01-21 02:35:00;A(-448):(37):B1(196):(-4625):C(463):(-1622):D1(-386):(4600):E0(5136)
231;2017-01-05 01:39:00;A(259):(56):B1(7):(966):C(-677):(812):D1(1527):(-8385):E0(-2839)
232;2017-02-09 22:16:00;A(-1980):(169):B1(-519):(5925):C(-9315):(-640):D1(243):(1602):E0(1881)
233;2017-07-14 00:46:00;A(-458):(-10):B1(147):(139):C(-228):(-9347):D1(284):(-1308):E0(-2024)
234;2018-01-09 09:16:00;A(4579):(-58):B1(169):(5761):C(-167):(-1882):D1(905):(6692):E0(-4810)
235;2017-06-05 18:32:00;A(-437):(158):B1(-106):(-1263):C(-791):(-1588):D1(-444):(1498):E0(-18)
236;2017-04-05 01:35:00;A(-2315):(-41):B1(278):(2037):C(2570):(5779):D1(-322):(10775):E0(-2496)
237;2017-08-06 14:59:00;A(977):(-110):B1(129):(6082):C(-13):(4726):D1(721):(1540):E0(-937)
239;2017-05-18 07:05:00;A(-665):(-48):B1(-163):(2542):C(466):(1201):D1(55):(-660):E0(1903)
240;2017-03-13 00:09:00;A(-565):(16):B1(29):(568):C(4460):(1167):D1(-216):(-951):E0(5541)
241;2017-04-21 18:28:00;A(-411):(184):B1(909):(-835):C(-902):(1178):D1(123):(-778):E0(-1722)
242;2017-07-07 20:33:00;A(197):(161):B1(-353):(-3809):C(-5455):(-1990):D1(-95):(-2320):E0(-192)
243;2017-01-12 02:35:00;A(104):(18):B1(-72):(750):C(4770):(279):D1(-130):(-3347):E0(2041)
244;2017-03-26 01:07:00;A(486):(62):B1(-355):(74):C(-326):(-5929):D1(561):(1251):E0(-1169)
245;2017-05-07 13:09:00;A(-592):(-421):B1(-44):(227):C(702):(-9464):D1(542):(-2136):E0(439)
246;2017-10-04 03:00:00;A(-189):(-57):B1(-681):(-60):C(1223):(520):D1(53):(-1589):E0(-14979)
247;2017-09-29 11:27:00;A(171):(-220):B1(332):(-707):C(7):(3834):D1(-352):(2568):E0(-346)
249;2017-03-20 01:09:00;A(-2700):(-18):B1(356):(-2043):C(2186):(7557):D1(-499):(3089):E0(3675)
250;2017-09-06 04:31:00;A(882):(30):B1(353):(-1557):C(38):(3038):D1(190):(3150):E0(1073)
252;2017-01-02 21:48:00;A(-111):(-39):B1(425):(197):C(-546):(3966):D1(-49):(-2115):E0(-1035)
253;2017-03-06 13:06:00;A(-179):(-501):B1(34):(1754):C(3274):(-1092):D1(-367):(-1699):E0(-4864)
254;2018-08-24 17:29:00;A(342):(75):B1(-84):(-2549):C(-745):(878):D1(59):(2877):E0(-149)
255;2017-05-29 16:11:00;A(41):(97):B1(7):(1233):C(-7642):(-1845):D1(334):(-3887):E0(-1284)
256;2017-02-27 01:43:00;A(71):(-402):B1(15):(2971):C(534):(797):D1(46):(-1611):E0(-2551)
257;2017-03-26 22:06:00;A(13):(269):B1(179):(-2314):C(-5666):(-1516):D1(21):(-3606):E0(-889)
258;2018-01-28 16:59:00;A(2146):(-7):B1(61):(-1922):C(382):(-1444):D1(-52):(11344):E0(-1970)
259;2017-09-02 08:55:00;A(1130):(-53):B1(404):(-1523):C(229):(8565):D1(592):(-3565):E0(-7429)
260;2019-03-29 17:35:00;A(296):(-85):B1(-122):(98):C(-2936):(3884):D1(362):(-334):E0(81)
261;2017-01-06 15:17:00;A(218):(-145):B1(-359):(76):C(2211):(-2371):D1(114):(3572):E0(-261)
262;2017-01-11 19:37:00;A(-2):(69):B1(-655):(1178):C(177):(-467):D1(220):(-424):E0(1664)
263;2017-03-04 10:28:00;A(228):(-153):B1(-1546):(-4194):C(1195):(-10166):D1(207):(-940):E0(-2634)
264;2017-04-04 08:58:00;A(1915):(316):B1(315):(3759):C(899):(-9211):D1(-33):(-396):E0(2891)
265;2017-04-01 09:03:00;A(-1420):(-352):B1(-127):(-76):C(-158):(1703):D1(-178):(4775):E0(-4475)
266;2017-06-14 04:29:00;A(1783):(74):B1(520):(351):C(1846):(4651):D1(5):(-7042):E0(-1748)
267;2017-05-05 15:07:00;A(-1426):(-39):B1(-304):(-2599):C(63):(7200):D1(315):(-1960):E0(-5737)
268;2017-09-21 10:11:00;A(-1554):(22):B1(19):(-2961):C(789):(-4305):D1(81):(1249):E0(1456)
269;2017-04-23 21:19:00;A(-318):(-17):B1(-359):(612):C(-1081):(-415):D1(-445):(-2642):E0(1557)
270;2017-12-16 23:54:00;A(943):(268):B1(226):(1394):C(1489):(774):D1(10):(-3071):E0(591)
271;2017-02-01 03:04:00;A(-682):(-136):B1(46):(353):C(-337):(2745):D1(-74):(-46):E0(-1387)
272;2017-01-24 18:05:00;A(629):(103):B1(-68):(-1339):C(-1037):(461):D1(274):(1007):E0(61)
273;2017-04-03 16:09:00;A(2101):(252):B1(-184):(-1846):C(1569):(562):D1(128):(-4946):E0(-1025)
274;2017-01-28 02:30:00;A(675):(24):B1(-364):(370):C(344):(6201):D1(-66):(2181):E0(370)
275;2017-02-08 23:03:00;A(-1334):(-670):B1(114):(-1361):C(5106):(855):D1(803):(4318):E0(717)
276;2017-01-26 19:14:00;A(1626):(3):B1(27):(6322):C(-1165):(886):D1(-89):(685):E0(2972)
277;2017-10-10 15:03:00;A(-28):(191):B1(179):(-107):C(-413):(-860):D1(-412):(-10678):E0(-3114)
278;2017-05-22 15:58:00;A(422):(5):B1(-508):(1965):C(1057):(3174):D1(234):(2552):E0(-1332)
279;2018-06-20 16:35:00;A(742):(-64):B1(635):(1598):C(-794):(3998):D1(105):(290):E0(268)
280;2018-07-24 14:39:00;A(745):(640):B1(-38):(2140):C(637):(-7316):D1(1399):(4775):E0(1719)
281;2017-02-20 14:55:00;A(-73):(-61):B1(123):(1024):C(-2965):(1690):D1(673):(1893):E0(75)
282;2017-04-30 05:07:00;A(325):(181):B1(21):(-999):C(592):(-3849):D1(136):(-8894):E0(-1271)
283;2017-12-04 23:10:00;A(827):(211):B1(-425):(-494):C(-896):(-159):D1(-124):(2798):E0(146)
284;2017-02-18 16:52:00;A(-176):(-13):B1(-120):(-611):C(-2232):(123):D1(-70):(1555):E0(1714)
285;2018-02-04 18:54:00;A(748):(-175):B1(-74):(-1677):C(1549):(4175):D1(-320):(-3470):E0(-2476)
286;2017-09-08 20:36:00;A(441):(17):B1(-149):(-1919):C(-955):(1961):D1(-437):(1018):E0(-1574)
287;2017-01-26 12:16:00;A(-99):(54):B1(36):(1009):C(1834):(2411):D1(-113):(807):E0(2687)
288;2017-04-26 06:48:00;A(-1410):(142):B1(-81):(152):C(876):(3076):D1(-144):(3612):E0(4124)
289;2018-01-31 10:09:00;A(-269):(48):B1(-50):(-3651):C(-794):(456):D1(644):(3767):E0(804)
290;2017-02-17 11:09:00;A(-658):(492):B1(-21):(399):C(2809):(791):D1(-358):(9974):E0(100)
291;2017-04-24 16:59:00;A(534):(9):B1(-476):(6024):C(23):(-585):D1(-93):(-546):E0(1221)
292;2017-04-02 05:37:00;A(872):(95):B1(-458):(738):C(-2208):(-4501):D1(584):(5606):E0(-2273)
293;2017-03-28 07:30:00;A(1694):(-47):B1(-73):(1871):C(-31):(-1322):D1(632):(-156):E0(-992)
294;2017-02-11 20:09:00;A(652):(133):B1(-273):(-2050):C(653):(-325):D1(654):(-1852):E0(120)
295;2019-12-31 17:43:00;A(1461):(-204):B1(-176):(9282):C(16):(-2920):D1(-284):(-4164):E0(267)
296;2017-01-14 04:29:00;A(-373):(-42):B1(-15):(-393):C(2467):(-1222):D1(375):(-909):E0(-451)
297;2017-06-18 00:54:00;A(1341):(-232):B1(36):(1484):C(-3867):(-1467):D1(-88):(-71):E0(2650)
298;2018-10-16 16:45:00;A(335):(-48):B1(-186):(-1318):C(-4):(-241):D1(162):(4459):E0(-10494)
299;2017-06-22 23:02:00;A(-560):(458):B1(385):(266):C(2953):(-964):D1(161):(-3457):E0(5563)
300;2017-02-02 00:37:00;A(-751):(-250):B1(-587):(573):C(-1199):(-1415):D1(662):(2021):E0(2093)
301;2017-02-03 01:44:00;A(1024):(42):B1(-533):(251):C(1631):(-1502):D1(12):(-5206):E0(539)
302;2017-01-30 21:29:00;A(-273):(-221):B1(-5):(2714):C(282):(639):D1(925):(-1435):E0(527)
303;2017-03-24 02:15:00;A(-1138):(-304):B1(83):(437):C(3196):(396):D1(57):(-4360):E0(2354)
304;2017-01-08 06:51:00;A(-820):(-126):B1(179):(527):C(-443):(4608):D1(23):(-3672):E0(-1502)
305;2017-01-31 09:52:00;A(1098):(-184):B1(-112):(501):C(-1400):(-971):D1(54):(454):E0(-3169)
306;2017-01-22 10:58:00;A(-211):(0):B1(558):(-921):C(955):(3315):D1(-465):(559):E0(-301)
307;2017-03-14 23:04:00;A(-354):(14):B1(-345):(-94):C(138):(-1655):D1(571):(158):E0(959)
308;2017-01-18 14:14:00;A(-1519):(156):B1(508):(2337):C(2608):(520):D1(158):(-1541):E0(-862)
309;2018-09-17 07:04:00;A(1314):(64):B1(321):(-1193):C(175):(2215):D1(-1430):(12375):E0(558)
310;2017-08-07 08:24:00;A(432):(-90):B1(144):(-31):C(469):(-5713):D1(496):(5367):E0(3473)
311;2017-04-22 19:12:00;A(2088):(179):B1(761):(-831):C(-3249):(-2019):D1(-137):(-2208):E0(-1134)
312;2019-04-19 15:58:00;A(113):(-20):B1(63):(-3710):C(3932):(-1640):D1(-172):(7629):E0(3158)
313;2017-04-15 06:20:00;A(82):(72):B1(4):(-1853):C(1893):(-5483):D1(-215):(-1108):E0(1356)
314;2017-04-17 13:27:00;A(504):(-10):B1(-2):(-8592):C(5029):(-12184):D1(169):(-547):E0(-298)
315;2017-06-12 01:53:00;A(221):(242):B1(272):(-294):C(2441):(1087):D1(263):(1123):E0(266)
316;2017-01-31 05:59:00;A(1084):(146):B1(234):(1273):C(-463):(1475):D1(-697):(1525):E0(1752)
317;2017-09-19 13:06:00;A(1565):(366):B1(-3):(-2699):C(1261):(-5452):D1(1146):(3269):E0(1393)
318;2017-03-23 14:03:00;A(679):(-129):B1(-17):(478):C(1182):(710):D1(138):(-538):E0(-417)
319;2017-04-14 00:48:00;A(969):(-240):B1(146):(-91):C(4258):(631):D1(5):(1171):E0(-1792)
320;2017-10-24 17:52:00;A(359):(-69):B1(-98):(1044):C(630):(-3936):D1(28):(1146):E0(-1173)
321;2019-04-19 19:49:00;A(522):(-422):B1(187):(942):C(-423):(1101):D1(-323):(-638):E0(3446)
322;2017-02-21 12:47:00;A(-150):(-61):B1(-683):(-5396):C(-1260):(-802):D1(-480):(2995):E0(1003)
323;2018-12-05 16:06:00;A(1014):(-168):B1(299):(-5236):C(72):(7815):D1(17):(-2256):E0(-2134)
324;2017-11-11 23:20:00;A(-64):(223):B1(112):(-281):C(5973):(-12065):D1(419):(1186):E0(-1758)
325;2017-02-27 16:02:00;A(-43):(246):B1(28):(400):C(-664):(113):D1(807):(-7165):E0(-212)
326;2017-06-19 14:09:00;A(-1072):(85):B1(-662):(11):C(723):(-4819):D1(-11):(-5415):E0(-4005)
327;2017-03-07 18:25:00;A(-1343):(-211):B1(226):(-723):C(-4508):(2537):D1(298):(1161):E0(-1041)
328;2017-04-21 09:44:00;A(-223):(-556):B1(-583):(2677):C(-972):(2835):D1(18):(6613):E0(556)
329;2017-04-25 17:22:00;A(926):(-13):B1(43):(-3425):C(1600):(-582):D1(435):(-1024):E0(-782)
330;2017-02-14 03:28:00;A(319):(-55):B1(928):(1446):C(-1599):(6309):D1(-189):(-3249):E0(-1045)
331;2017-02-04 14:12:00;A(477):(-119):B1(54):(3430):C(-703):(6027):D1(149):(3201):E0(-2251)
332;2018-01-16 02:34:00;A(-227):(28):B1(765):(3193):C(29):(1692):D1(-244):(5804):E0(105)
333;2018-07-10 08:01:00;A(-1272):(51):B1(-333):(413):C(1235):(-3167):D1(349):(3674):E0(-412)
335;2017-06-15 05:49:00;A(368):(406):B1(-38):(-415):C(1650):(-652):D1(-129):(6023):E0(667)
336;2017-02-24 11:54:00;A(2448):(-262):B1(-96):(-220):C(3896):(102):D1(153):(-106):E0(5408)
337;2017-08-04 19:45:00;A(-305):(2):B1(-163):(-171):C(320):(-14538):D1(65):(-4546):E0(138)
338;2017-03-07 13:06:00;A(-171):(35):B1(-31):(424):C(-4210):(-3020):D1(449):(-501):E0(-1789)
339;2017-06-08 05:35:00;A(-222):(24):B1(179):(-1000):C(597):(-5261):D1(-309):(-5776):E0(313)
340;2017-06-30 16:32:00;A(1461):(49):B1(-416):(-389):C(-313):(2156):D1(-316):(5471):E0(993)
341;2018-05-14 01:51:00;A(-197):(-231):B1(296):(4242):C(379):(-913):D1(-230):(260):E0(-34)
342;2017-08-17 20:23:00;A(-3):(-62):B1(550):(3338):C(125):(1206):D1(-354):(1577):E0(1289)
343;2017-12-14 21:34:00;A(27):(-68):B1(-540):(-602):C(-3556):(1607):D1(115):(4335):E0(-599)
344;2017-03-29 08:49:00;A(-1268):(379):B1(-71):(387):C(848):(1021):D1(-565):(-276):E0(39)
345;2017-01-11 01:21:00;A(-477):(-153):B1(5):(-2338):C(-2083):(-256):D1(372):(-791):E0(718)
346;2017-03-16 08:29:00;A(-2384):(45):B1(550):(1129):C(-801):(-1230):D1(-383):(1560):E0(240)
347;2017-10-16 22:55:00;A(637):(-9):B1(210):(-1945):C(-507):(867):D1(-226):(-2937):E0(-69)
348;2017-01-25 11:13:00;A(485):(-104):B1(605):(526):C(1846):(1559):D1(331):(-752):E0(4305)
349;2017-05-03 09:08:00;A(-784):(116):B1(161):(-4296):C(-120):(2702):D1(106):(-100):E0(-4180)
350;2017-01-03 23:01:00;A(271):(-18):B1(-763):(-4912):C(-1105):(1452):D1(185):(92):E0(1780)
351;2017-01-14 13:38:00;A(-84):(113):B1(205):(2933):C(-178):(-708):D1(-891):(-24645):E0(219)
352;2017-11-26 01:53:00;A(1143):(1):B1(-213):(4309):C(1203):(830):D1(753):(-3296):E0(-180)
353;2017-03-11 05:37:00;A(-71):(-403):B1(626):(1627):C(680):(-2070):D1(12):(-3971):E0(-603)
354;2017-10-16 23:58:00;A(-106):(-169):B1(265):(-573):C(1060):(-2837):D1(-575):(2666):E0(-93)
355;2017-01-13 05:20:00;A(341):(376):B1(-160):(-1688):C(2532):(6541):D1(43):(1610):E0(-1135)
356;2017-04-13 20:00:00;A(542):(32):B1(42):(404):C(987):(-16402):D1(-783):(-1364):E0(-10619)
357;2017-01-10 11:33:00;A(-257):(134):B1(-517):(1188):C(-391):(-5051):D1(-79):(-7295):E0(-1798)
358;2017-01-24 23:14:00;A(-5323):(39):B1(229):(3936):C(715):(3085):D1(155):(-1599):E0(132)
359;2017-01-04 04:33:00;A(-1619):(-20):B1(-141):(942):C(-1573):(-352):D1(76):(-381):E0(-2396)
360;2017-06-28 02:41:00;A(838):(47):B1(-203):(-1407):C(1922):(-2456):D1(-82):(1003):E0(-480)
361;2017-05-20 19:46:00;A(571):(-122):B1(-169):(-1044):C(3277):(1381):D1(-40):(259):E0(-400)
362;2017-05-14 06:31:00;A(-102):(-25):B1(-1082):(3622):C(-105):(5857):D1(-157):(3176):E0(-1132)
363;2017-09-05 20:14:00;A(2168):(41):B1(905):(-3511):C(-66):(-530):D1(-733):(-6886):E0(352)
364;2017-05-04 18:49:00;A(517):(-314):B1(-3):(1231):C(-1022):(-1150):D1(-56):(1848):E0(282)
365;2017-09-29 08:00:00;A(429):(-41):B1(63):(82):C(219):(405):D1(7):(-3596):E0(323)
366;2017-03-17 01:57:00;A(1578):(-31):B1(-4):(1861):C(2056):(9858):D1(-100):(-1952):E0(1066)
367;2017-06-04 12:22:00;A(-2254):(-85):B1(-517):(-906):C(-2998):(1167):D1(26):(4063):E0(-3597)
368;2017-03-09 04:23:00;A(936):(275):B1(-225):(20):C(-1719):(-1977):D1(-7):(14623):E0(1581)
369;2017-03-04 21:17:00;A(-234):(-108):B1(-107):(-948):C(-957):(-4729):D1(202):(-3962):E0(2447)
370;2017-03-28 10:36:00;A(840):(429):B1(-331):(4946):C(295):(458):D1(298):(-1685):E0(211)
371;2018-07-15 17:06:00;A(-1184):(-496):B1(630):(1463):C(-317):(-59):D1(204):(-2319):E0(-2644)
372;2017-03-20 12:45:00;A(-592):(-128):B1(69):(-905):C(1710):(-1421):D1(-336):(-7325):E0(505)
373;2017-05-25 16:46:00;A(1245):(67):B1(538):(-2273):C(-2248):(1101):D1(-65):(3043):E0(-981)
374;2017-04-04 12:12:00;A(-598):(121):B1(-85):(3383):C(-280):(-5083):D1(-181):(162):E0(-170)
375;2017-06-12 02:01:00;A(-472):(143):B1(162):(-1335):C(-44):(-7184):D1(181):(2676):E0(365)
376;2017-03-26 13:46:00;A(5083):(15):B1(189):(-932):C(2025):(1750):D1(356):(6231):E0(-249)
377;2018-10-16 05:47:00;A(-740):(13):B1(78):(-485):C(-3391):(-1273):D1(-159):(3675):E0(297)
378;2017-04-12 02:04:00;A(1106):(-224):B1(-1054):(-54):C(176):(-3636):D1(163):(8694):E0(-367)
379;2017-04-20 03:21:00;A(292):(85):B1(52):(1230):C(-1004):(-2167):D1(-399):(1110):E0(55)
380;2017-08-31 21:34:00;A(-867):(194):B1(-517):(1444):C(1607):(-157):D1(77):(-166):E0(321)
381;2017-02-13 02:25:00;A(896):(89):B1(-271):(-1651):C(2651):(2718):D1(-315):(-4408):E0(-459)
382;2017-04-06 14:50:00;A(1294):(-251):B1(402):(1082):C(-2375):(459):D1(-652):(-4330):E0(994)
383;2017-06-04 12:26:00;A(1025):(82):B1(-28):(2200):C(279):(-8936):D1(-268):(-4490):E0(459)
384;2017-09-20 00:25:00;A(-106):(36):B1(37):(-1734):C(2015):(5122):D1(-23):(4210):E0(176)
385;2017-06-25 05:40:00;A(-435):(75):B1(97):(986):C(-3600):(-2963):D1(101):(3318):E0(-2971)
386;2017-05-03 12:49:00;A(-2894):(34):B1(760):(474):C(622):(-172):D1(42):(-2774):E0(-947)
387;2017-05-03 07:17:00;A(671):(61):B1(583):(-3712):C(-3257):(-906):D1(-236):(712):E0(356)
388;2017-12-29 16:44:00;A(168):(31):B1(-448):(-1388):C(-1132):(1945):D1(156):(-4814):E0(-406)
389;2017-02-15 05:46:00;A(-5):(-336):B1(143):(-1219):C(3322):(1194):D1(15):(1799):E0(-2299)
390;2017-02-06 22:17:00;A(586):(-478):B1(162):(1455):C(4907):(6894):D1(-113):(-1169):E0(-4154)
391;2017-01-17 16:01:00;A(-433):(213):B1(144):(5342):C(145):(-5061):D1(256):(-5604):E0(-4544)
392;2017-09-05 20:46:00;A(-854):(576):B1(-352):(2834):C(539):(-8704):D1(-31):(-5875):E0(-1325)
393;2017-02-03 09:01:00;A(-205):(158):B1(77):(-2039):C(-1110):(-2509):D1(-268):(2761):E0(3057)
394;2017-06-13 19:08:00;A(50):(45):B1(43):(-41):C(-325):(-4420):D1(147):(658):E0(403)
395;2017-08-31 05:38:00;A(582):(5):B1(-373):(1712):C(1710):(-502):D1(891):(2155):E0(-2157)
397;2017-01-14 00:33:00;A(36):(62):B1(-196):(1782):C(110):(1730):D1(-417):(2930):E0(-37)
398;2017-07-09 19:55:00;A(295):(76):B1(-143):(-379):C(293):(2927):D1(-497):(3309):E0(-298)
399;2017-12-26 07:46:00;A(-392):(-241):B1(108):(-741):C(2035):(-652):D1(1148):(-79):E0(-9611)
400;2018-11-17 19:38:00;A(155):(107):B1(-287):(1563):C(-833):(3908):D1(171):(8667):E0(1186)
402;2017-02-10 15:18:00;A(-960):(148):B1(1):(-3149):C(917):(-677):D1(-113):(1614):E0(-2138)
403;2017-03-15 16:13:00;A(1908):(-60):B1(243):(-411):C(1583):(512):D1(146):(1036):E0(-1321)
404;2017-04-19 19:26:00;A(1945):(-119):B1(-37):(434):C(-944):(1001):D1(-856):(5322):E0(-1052)
405;2017-06-02 12:30:00;A(323):(-160):B1(226):(2176):C(313):(-124):D1(463):(6541):E0(5045)
406;2018-02-15 23:28:00;A(688):(-406):B1(515):(-3115):C(-2843):(4423):D1(-3):(2326):E0(12)
407;2017-03-21 19:36:00;A(2):(155):B1(-87):(-1826):C(2610):(-3663):D1(-438):(-3737):E0(-467)
408;2017-11-28 17:20:00;A(-3457):(-44):B1(192):(-273):C(-3478):(2220):D1(142):(1754):E0(-84)
409;2018-04-14 17:27:00;A(607):(157):B1(92):(943):C(1412):(-1130):D1(236):(-9758):E0(706)
410;2017-01-29 06:33:00;A(-275):(-183):B1(-165):(5522):C(-463):(2250):D1(-177):(-8177):E0(3497)
411;2017-05-31 09:44:00;A(-18):(-663):B1(647):(-10592):C(-2397):(2263):D1(-37):(484):E0(-5698)
412;2017-01-28 13:18:00;A(-178):(98):B1(38):(-3945):C(-1506):(-3218):D1(-273):(-8978):E0(1376)
413;2017-04-22 23:30:00;A(2708):(-50):B1(403):(340):C(1704):(3498):D1(-410):(-4484):E0(-4649)
414;2017-02-20 06:35:00;A(1044):(-8):B1(103):(-2587):C(2209):(886):D1(-54):(5640):E0(866)
415;2017-05-14 13:23:00;A(613):(208):B1(-113):(601):C(78):(-4092):D1(-436):(-1617):E0(-1383)
416;2017-09-19 22:56:00;A(156):(-273):B1(258):(-1187):C(1412):(1733):D1(-199):(1062):E0(-975)
417;2017-10-30 10:41:00;A(-5):(96):B1(-25):(-1246):C(758):(6188):D1(-599):(1076):E0(-29)
418;2017-10-25 08:37:00;A(87):(-61):B1(-98):(304):C(431):(682):D1(-65):(5743):E0(-574)
419;2017-04-06 06:42:00;A(609):(-320):B1(356):(-739):C(940):(4423):D1(45):(3187):E0(-885)
421;2018-09-13 14:12:00;A(443):(-257):B1(726):(-615):C(1141):(360):D1(241):(1239):E0(536)
423;2017-04-05 05:52:00;A(1395):(27):B1(-105):(678):C(978):(4160):D1(954):(-2636):E0(4461)
424;2018-03-11 10:29:00;A(304):(-69):B1(-265):(824):C(-2849):(-2414):D1(-527):(500):E0(4692)
425;2017-03-01 10:13:00;A(884):(-90):B1(266):(2347):C(168):(116):D1(-236):(-1171):E0(-330)
426;2017-03-08 02:17:00;A(-1506):(-43):B1(204):(2156):C(-4):(2448):D1(589):(2642):E0(2130)
427;2018-04-18 20:28:00;A(46):(191):B1(1026):(1330):C(104):(8751):D1(-14):(-1106):E0(1004)
428;2017-01-24 01:12:00;A(1314):(166):B1(81):(-124):C(-1193):(-289):D1(229):(899):E0(-38)
429;2017-07-20 23:16:00;A(185):(115):B1(-203):(2568):C(2955):(-621):D1(205):(1286):E0(-4412)
430;2017-03-26 01:10:00;A(462):(-6):B1(-182):(-187):C(1563):(6783):D1(75):(3430):E0(-5027)
431;2017-04-02 14:47:00;A(574):(-520):B1(79):(136):C(-1972):(-2277):D1(-189):(3609):E0(3540)
432;2017-02-15 14:18:00;A(-96):(180):B1(110):(-1690):C(-1512):(-1537):D1(92):(1422):E0(-39)
433;2017-01-26 19:38:00;A(-1374):(-85):B1(-395):(419):C(70):(2119):D1(400):(-1959):E0(-16)
434;2017-01-17 04:25:00;A(-99):(-5):B1(18):(2853):C(-2287):(1345):D1(-237):(-1550):E0(260)
435;2017-01-25 06:17:00;A(-17):(51):B1(786):(-531):C(386):(5610):D1(-224):(-2095):E0(-1962)
436;2017-01-12 23:10:00;A(1915):(-246):B1(899):(-2129):C(-1104):(-1441):D1(18):(-4302):E0(-608)
437;2017-02-18 17:25:00;A(-1792):(-504):B1(-211):(1287):C(-227):(-554):D1(-453):(-4430):E0(-3102)
438;2017-04-24 09:43:00;A(-124):(85):B1(198):(98):C(-4028):(-195):D1(604):(781):E0(292)
439;2017-06-27 10:27:00;A(-1337):(102):B1(-237):(1313):C(801):(3630):D1(543):(-6126):E0(-316)
440;2017-01-19 03:09:00;A(-2407):(-103):B1(-122):(93):C(1446):(2872):D1(-577):(-4488):E0(1101)
441;2017-03-25 09:39:00;A(-710):(-87):B1(7):(5474):C(1535):(-849):D1(-115):(611):E0(-1773)
442;2017-07-19 07:42:00;A(-473):(-322):B1(16):(60):C(-1825):(-1456):D1(-13):(-421):E0(-1000)
443;2017-05-03 17:18:00;A(1997):(-413):B1(-1177):(-527):C(-148):(-3163):D1(156):(68):E0(-5812)
444;2017-06-05 15:19:00;A(-1439):(152):B1(43):(360):C(1581):(2223):D1(277):(875):E0(5139)
445;2017-11-09 17:34:00;A(-112):(-132):B1(-510):(207):C(1820):(306):D1(-295):(-4950):E0(12)
446;2017-04-14 00:29:00;A(263):(-229):B1(710):(210):C(3362):(4420):D1(-347):(-2554):E0(-34)
447;2017-09-25 02:45:00;A(-1221):(143):B1(310):(945):C(42):(525):D1(304):(2025):E0(3571)
448;2017-02-16 14:15:00;A(-370):(36):B1(-171):(-1489):C(516):(-493):D1(-517):(-4312):E0(-1868)
449;2018-12-05 09:49:00;A(1827):(83):B1(254):(3426):C(-355):(227):D1(-29):(802):E0(-2322)
450;2017-06-21 06:42:00;A(1121):(-37):B1(1002):(65):C(-132):(3563):D1(266):(918):E0(-543)
451;2017-01-09 23:11:00;A(110):(288):B1(-356):(-724):C(215):(2963):D1(-119):(3455):E0(2150)
452;2017-08-26 08:09:00;A(1120):(23):B1(-8):(-1123):C(629):(-2659):D1(-446):(-6887):E0(52)
453;2017-02-04 15:59:00;A(1240):(95):B1(87):(-1734):C(-2918):(-2392):D1(66):(8455):E0(-2088)
454;2017-10-27 10:59:00;A(-554):(-568):B1(499):(-1473):C(1827):(-626):D1(355):(-1005):E0(778)
455;2017-05-06 10:42:00;A(528):(33):B1(84):(-4485):C(8204):(2671):D1(277):(-1688):E0(-737)
456;2017-01-13 03:11:00;A(165):(-150):B1(156):(-6308):C(2599):(986):D1(-642):(-140):E0(2561)
457;2017-04-16 16:01:00;A(469):(148):B1(-181):(4382):C(1022):(5657):D1(346):(113):E0(705)
458;2017-02-10 02:09:00;A(-382):(37):B1(506):(852):C(-230):(-985):D1(-148):(2184):E0(-745)
459;2017-04-10 16:39:00;A(-79):(-222):B1(290):(1758):C(152):(-8488):D1(82):(2535):E0(1916)
460;2017-01-12 12:54:00;A(-2449):(2):B1(-113):(50):C(-1115):(279):D1(459):(-2770):E0(-1723)
461;2017-03-08 19:13:00;A(-430):(-5):B1(117):(61):C(3020):(4609):D1(-89):(946):E0(-2148)
462;2017-02-26 23:42:00;A(-891):(205):B1(-167):(-3802):C(-101):(-1259):D1(-427):(-11910):E0(1197)
463;2017-04-23 20:59:00;A(114):(172):B1(-726):(-1420):C(521):(4314):D1(-164):(-1571):E0(2931)
464;2018-01-22 01:15:00;A(579):(-53):B1(-198):(92):C(-824):(60):D1(-102):(2674):E0(-647)
465;2017-01-01 17:10:00;A(1163):(-69):B1(479):(-239):C(209):(96):D1(-344):(-105):E0(-1274)
466;2017-06-16 16:06:00;A(36):(-28):B1(1441):(-17):C(357):(893):D1(-140):(-6876):E0(-397)
467;2017-04-09 23:11:00;A(231):(-414):B1(356):(-396):C(321):(-6147):D1(-344):(-1172):E0(-2355)
468;2017-01-01 13:17:00;A(-503):(-67):B1(1040):(-405):C(774):(11496):D1(-170):(7255):E0(-773)
469;2017-03-27 10:36:00;A(533):(61):B1(123):(-174):C(255):(1342):D1(743):(-1583):E0(-1024)
470;2017-02-13 19:01:00;A(518):(-195):B1(-203):(324):C(-340):(8299):D1(-741):(2504):E0(-4352)
471;2017-08-23 11:29:00;A(750):(385):B1(23):(3783):C(316):(-1006):D1(-497):(-807):E0(-705)
472;2017-01-18 22:24:00;A(-1345):(10):B1(-107):(-1791):C(-992):(-2087):D1(306):(-2094):E0(5088)
473;2019-06-13 04:04:00;A(410):(-106):B1(108):(-2434):C(-3150):(12850):D1(-459):(-1055):E0(-469)
474;2017-02-13 05:50:00;A(-1064):(97):B1(34):(-1891):C(680):(-264):D1(239):(-2701):E0(3685)
475;2017-07-01 01:06:00;A(310):(273):B1(400):(3014):C(1042):(306):D1(-184):(-4090):E0(-2416)
476;2017-11-15 03:46:00;A(-1333):(-8):B1(-272):(4783):C(379):(691):D1(96):(-906):E0(-5786)
477;2017-04-26 08:07:00;A(-548):(-40):B1(-196):(-474):C(2406):(-5578):D1(-47):(1269):E0(-1499)
478;2017-06-01 09:18:00;A(-2007):(69):B1(-655):(-1153):C(645):(1545):D1(206):(1062):E0(-684)
479;2017-04-24 17:53:00;A(59):(74):B1(929):(1375):C(-1950):(-2293):D1(-465):(-2318):E0(-7029)
480;2017-07-08 03:45:00;A(-388):(-15):B1(226):(-262):C(234):(-3906):D1(-293):(6698):E0(4701)
481;2017-03-24 01:55:00;A(-1008):(308):B1(-648):(1607):C(2634):(316):D1(512):(-4942):E0(-2747)
482;2017-02-17 03:29:00;A(480):(-370):B1(777):(-965):C(833):(18):D1(131):(7211):E0(-4334)
483;2017-03-22 12:12:00;A(203):(-320):B1(641):(-219):C(1639):(4363):D1(-664):(-1823):E0(-1481)
484;2017-04-07 19:41:00;A(1220):(-452):B1(-167):(-1862):C(-441):(1034):D1(-355):(193):E0(535)
485;2017-11-25 20:38:00;A(-261):(291):B1(243):(590):C(11):(1410):D1(16):(96):E0(2640)
486;2017-12-30 12:43:00;A(-1927):(-245):B1(138):(641):C(392):(-667):D1(-302):(205):E0(262)
487;2017-06-11 17:26:00;A(24):(428):B1(213):(-887):C(-1779):(7271):D1(230):(7259):E0(439)
488;2018-01-25 02:11:00;A(165):(-5):B1(-188):(-79):C(-911):(-2677):D1(492):(-3617):E0(1396)
489;2017-04-21 05:43:00;A(-14):(-345):B1(-166):(936):C(2167):(-2046):D1(757):(-6584):E0(1796)
490;2017-02-09 14:02:00;A(140):(562):B1(-105):(-2532):C(-704):(142):D1(1020):(-4001):E0(-166)
491;2018-02-12 11:07:00;A(677):(17):B1(-44):(4378):C(450):(-1243):D1(53):(-4190):E0(-2213)
492;2017-01-02 18:17:00;A(2049):(128):B1(-333):(164):C(1008):(-461):D1(-371):(-1504):E0(2896)
493;2017-08-31 14:42:00;A(-126):(-134):B1(-280):(2422):C(636):(-7513):D1(213):(-2659):E0(115)
494;2017-08-06 14:05:00;A(1489):(-47):B1(88):(814):C(-1797):(-33540):D1(-176):(6244):E0(837)
495;2017-01-12 20:25:00;A(192):(47):B1(1069):(-3745):C(1079):(-4288):D1(123):(1717):E0(-3296)
496;2017-04-02 19:00:00;A(460):(367):B1(-42):(1082):C(-38):(1027):D1(-394):(3466):E0(611)
497;2017-06-06 18:46:00;A(-556):(133):B1(64):(77):C(-1292):(2530):D1(303):(2600):E0(-582)
498;2017-02-13 23:46:00;A(2385):(-118):B1(320):(-1416):C(803):(3944):D1(122):(-3980):E0(2660)
499;2017-01-21 08:21:00;A(-1561):(284):B1(-319):(1864):C(4855):(-22881):D1(-167):(-2751):E0(678)
500;2017-03-29 03:32:00;A(-354):(-56):B1(-83):(1776):C(4290):(-3728):D1(139):(1906):E0(2983)
501;2018-04-04 22:44:00;A(-1399):(59):B1(103):(375):C(-2727):(-2471):D1(70):(-2726):E0(-94)
502;2017-08-07 16:19:00;A(1109):(184):B1(-392):(401):C(-10):(1333):D1(-115):(1662):E0(-2767)
503;2017-07-02 18:52:00;A(768):(80):B1(360):(1409):C(325):(115):D1(11):(148):E0(-718)
504;2017-05-18 21:28:00;A(1203):(-41):B1(-925):(-1223):C(175):(-1924):D1(156):(567):E0(294)
505;2017-07-13 16:44:00;A(-755):(324):B1(17):(-565):C(887):(3929):D1(-74):(9698):E0(2634)
506;2017-03-18 07:13:00;A(371):(16):B1(-302):(618):C(477):(668):D1(178):(2286):E0(-565)
507;2017-02-20 08:35:00;A(-548):(-234):B1(-289):(-1614):C(-601):(2552):D1(25):(-610):E0(1499)
508;2018-02-03 16:13:00;A(3708):(-252):B1(70):(-1954):C(2034):(-2660):D1(-39):(-3807):E0(-2192)
509;2018-07-12 19:38:00;A(1769):(123):B1(-301):(1343):C(1592):(-113):D1(-85):(-809):E0(5458)
510;2017-04-22 11:06:00;A(-230):(51):B1(-466):(-2106):C(-637):(330):D1(-868):(272):E0(1582)
511;2017-03-13 09:22:00;A(814):(25):B1(239):(600):C(1408):(-6915):D1(-270):(-4639):E0(401)
512;2017-04-14 08:39:00;A(303):(-359):B1(256):(1417):C(-102):(-3425):D1(407):(-351):E0(-3882)
513;2018-12-15 17:03:00;A(-773):(294):B1(318):(1511):C(2216):(-235):D1(640):(-3237):E0(-276)
514;2018-05-15 01:55:00;A(-1494):(363):B1(-192):(-1250):C(-906):(1857):D1(347):(-1058):E0(3848)
516;2018-07-27 13:26:00;A(147):(-46):B1(-901):(-2318):C(700):(94):D1(857):(4936):E0(325)
517;2017-04-09 06:38:00;A(1748):(-282):B1(63):(-2797):C(-499):(-33):D1(106):(599):E0(270)
518;2017-05-27 22:08:00;A(-1392):(69):B1(191):(2148):C(2691):(2134):D1(-46):(3168):E0(3685)
519;2017-01-17 04:09:00;A(1064):(78):B1(-267):(869):C(644):(-1639):D1(-15):(446):E0(4438)
520;2018-07-13 03:32:00;A(-392):(34):B1(14):(174):C(-1761):(3985):D1(540):(8434):E0(1852)
521;2017-03-02 20:19:00;A(1149):(30):B1(-18):(959):C(-3241):(-3628):D1(-406):(924):E0(-421)
522;2017-02-25 09:12:00;A(515):(23):B1(356):(1136):C(231):(-210):D1(1862):(-2309):E0(636)
523;2017-01-14 01:31:00;A(2392):(-459):B1(-6):(-3375):C(-2726):(-455):D1(275):(6149):E0(6313)
524;2017-06-16 15:41:00;A(150):(33):B1(-220):(3513):C(773):(-986):D1(-1273):(-1889):E0(2305)
525;2017-05-07 11:34:00;A(113):(-20):B1(-40):(-269):C(-220):(6245):D1(-19):(8712):E0(-542)
526;2017-05-08 02:37:00;A(208):(-24):B1(71):(-1529):C(597):(-946):D1(-372):(2760):E0(450)
527;2017-04-07 07:58:00;A(752):(-26):B1(655):(346):C(977):(1904):D1(-6):(692):E0(1955)
528;2017-07-19 00:27:00;A(-1603):(-751):B1(-594):(-634):C(2373):(-5060):D1(103):(-2748):E0(-361)
529;2017-02-22 10:04:00;A(-831):(92):B1(-379):(-1842):C(-4063):(-474):D1(71):(-2136):E0(-6882)
530;2017-02-20 11:20:00;A(-10):(43):B1(-169):(1093):C(-288):(1628):D1(-40):(10235):E0(-197)
531;2017-03-10 18:09:00;A(-311):(269):B1(298):(-2193):C(477):(2951):D1(-888):(5639):E0(-5979)
532;2017-12-17 19:10:00;A(306):(-597):B1(136):(1554):C(-1038):(-6924):D1(-204):(-476):E0(-36)
533;2017-04-01 13:32:00;A(665):(157):B1(48):(-1787):C(154):(770):D1(587):(12096):E0(-1219)
534;2017-07-28 03:48:00;A(-768):(78):B1(185):(-2112):C(-676):(1343):D1(-209):(501):E0(-2346)
535;2017-05-16 18:04:00;A(131):(123):B1(-286):(1361):C(67):(3712):D1(-1213):(-14215):E0(524)
536;2017-09-12 23:58:00;A(190):(233):B1(-1):(-3373):C(481):(-722):D1(-241):(1587):E0(-1833)
537;2017-03-21 11:25:00;A(-298):(54):B1(396):(864):C(2615):(2008):D1(22):(-2426):E0(-687)
538;2017-07-31 07:46:00;A(2358):(22):B1(-15):(-120):C(-371):(-4122):D1(-465):(-7234):E0(-1584)
539;2017-01-30 09:09:00;A(456):(54):B1(109):(608):C(-1168):(-1485):D1(-250):(4669):E0(-3087)
540;2018-07-18 16:12:00;A(-105):(130):B1(-61):(2032):C(1580):(2580):D1(-98):(3959):E0(331)
541;2020-05-15 08:39:00;A(-865):(289):B1(0):(6830):C(-15):(-1169):D1(35):(-238):E0(-979)
542;2017-04-12 06:21:00;A(1243):(39):B1(-20):(391):C(-585):(1276):D1(755):(-9031):E0(272)
543;2017-02-08 12:31:00;A(172):(-219):B1(44):(1878):C(-2032):(-907):D1(-190):(2954):E0(-554)
544;2018-05-15 15:44:00;A(934):(-46):B1(204):(2617):C(1966):(-39):D1(-352):(-3645):E0(3334)
545;2017-02-25 21:35:00;A(164):(-550):B1(100):(1801):C(7252):(-3220):D1(137):(6368):E0(-311)
546;2017-04-26 12:32:00;A(84):(-230):B1(500):(1919):C(132):(1683):D1(98):(72):E0(602)
547;2018-06-12 13:26:00;A(-856):(186):B1(428):(1404):C(-2298):(-348):D1(-1929):(-5975):E0(-1024)
548;2018-02-21 01:20:00;A(3395):(131):B1(-104):(-4931):C(-2174):(4660):D1(-430):(-1054):E0(-438)
549;2017-02-16 05:37:00;A(-748):(-160):B1(210):(812):C(-821):(-4180):D1(-70):(-5235):E0(4488)
550;2017-04-23 16:19:00;A(619):(-264):B1(212):(-175):C(574):(2408):D1(11):(545):E0(174)
551;2017-08-20 15:27:00;A(607):(63):B1(230):(-2179):C(1160):(1948):D1(101):(2957):E0(3166)
552;2017-03-27 23:47:00;A(-641):(19):B1(-110):(-540):C(687):(5787):D1(88):(1854):E0(-5789)
553;2017-02-05 20:39:00;A(-1958):(-182):B1(418):(1254):C(829):(1729):D1(8):(-4015):E0(-153)
554;2017-05-08 13:56:00;A(-3012):(39):B1(207):(-2496):C(-1472):(3345):D1(-79):(7913):E0(2754)
555;2017-05-14 03:01:00;A(-1225):(131):B1(-103):(-1420):C(466):(106):D1(119):(660):E0(-2239)
556;2017-07-28 00:08:00;A(308):(-195):B1(-555):(1817):C(-2877):(-1669):D1(307):(-746):E0(1481)
557;2017-04-06 11:08:00;A(1333):(-116):B1(-433):(1638):C(1231):(4170):D1(265):(-4045):E0(877)
558;2017-01-02 13:40:00;A(1355):(-25):B1(76):(1264):C(-549):(630):D1(-221):(4415):E0(-787)
559;2017-07-06 17:02:00;A(-299):(-496):B1(-259):(-2110):C(-1024):(1563):D1(91):(-3168):E0(1071)
560;2018-01-14 11:07:00;A(456):(-229):B1(245):(2546):C(-4259):(4669):D1(60):(699):E0(2268)
561;2017-06-11 07:02:00;A(-9):(-21):B1(580):(1259):C(1050):(593):D1(-213):(-3845):E0(2705)
562;2017-02-24 01:43:00;A(-659):(77):B1(-387):(-916):C(-725):(1400):D1(-613):(-1407):E0(-3439)
563;2017-08-04 09:41:00;A(79):(-54):B1(29):(660):C(-1579):(4910):D1(-1099):(-8379):E0(349)
564;2017-06-04 00:29:00;A(57):(421):B1(203):(-305):C(-116):(-217):D1(-590):(420):E0(-2191)
565;2017-07-16 21:43:00;A(-3):(-196):B1(529):(560):C(5131):(-3036):D1(657):(-4178):E0(-674)
566;2020-01-29 10:14:00;A(-2504):(289):B1(963):(405):C(4094):(7094):D1(417):(-5830):E0(382)
567;2018-01-23 07:06:00;A(620):(-14):B1(-115):(366):C(-3212):(-882):D1(690):(-55):E0(-903)
568;2018-12-23 21:45:00;A(384):(56):B1(186):(-508):C(1564):(3096):D1(-655):(-826):E0(-1492)
569;2018-12-27 04:53:00;A(-903):(-67):B1(-86):(-250):C(-1207):(-5780):D1(25):(3263):E0(760)
570;2019-05-14 10:58:00;A(-784):(241):B1(-248):(963):C(-1033):(-1988):D1(-26):(-4030):E0(891)
571;2017-01-27 15:02:00;A(-340):(2):B1(129):(1210):C(-200):(-826):D1(-6):(4766):E0(-3175)
572;2017-01-08 01:22:00;A(335):(152):B1(-191):(1748):C(1214):(7285):D1(100):(4643):E0(-755)
573;2017-06-05 08:37:00;A(-233):(-187):B1(103):(1242):C(-1106):(-5244):D1(-65):(1018):E0(1089)
574;2017-06-02 13:31:00;A(99):(36):B1(260):(10263):C(5006):(-18523):D1(-987):(-1305):E0(516)
575;2017-02-25 13:29:00;A(-1886):(258):B1(17):(1174):C(-102):(1086):D1(186):(1436):E0(-1972)
576;2017-01-22 20:02:00;A(-220):(215):B1(-376):(-215):C(-3543):(-5285):D1(2012):(-817):E0(-1046)
577;2017-04-14 08:43:00;A(-1712):(184):B1(-368):(1127):C(-553):(-1809):D1(566):(-1462):E0(-2800)
578;2017-02-20 23:43:00;A(-1160):(141):B1(255):(2798):C(2321):(-2016):D1(-42):(3896):E0(-129)
580;2017-01-25 02:19:00;A(-2139):(30):B1(4):(1492):C(-682):(168):D1(-482):(-268):E0(1309)
581;2017-02-18 21:41:00;A(-228):(-201):B1(325):(-1412):C(202):(729):D1(268):(-6565):E0(-1556)
582;2017-01-18 01:30:00;A(420):(22):B1(185):(-2999):C(8411):(-55):D1(-72):(3785):E0(2747)
583;2018-03-30 05:34:00;A(428):(-286):B1(-113):(-587):C(-2390):(3201):D1(-30):(-100):E0(673)
584;2017-08-30 13:25:00;A(949):(158):B1(-329):(968):C(784):(1915):D1(516):(4256):E0(-268)
585;2017-02-27 18:37:00;A(601):(-136):B1(-97):(-1622):C(-1489):(-705):D1(-637):(-10511):E0(-2328)
586;2017-04-25 19:11:00;A(-346):(-487):B1(101):(1141):C(-4061):(-296):D1(65):(-1158):E0(-397)
587;2017-03-26 21:45:00;A(873):(80):B1(-30):(487):C(496):(2418):D1(985):(5266):E0(1237)
588;2017-03-03 08:37:00;A(1102):(-37):B1(-17):(429):C(351):(-2057):D1(385):(2260):E0(-115)
589;2017-07-25 23:30:00;A(899):(-93):B1(-260):(-3207):C(2511):(-1217):D1(-131):(-4376):E0(-1171)
590;2017-05-24 00:49:00;A(539):(-285):B1(-367):(-1211):C(1122):(-2676):D1(515):(-10):E0(188)
591;2017-02-06 22:01:00;A(177):(63):B1(-130):(-1332):C(-2739):(9644):D1(131):(-1376):E0(1793)
592;2017-02-20 20:02:00;A(348):(201):B1(45):(-200):C(-2081):(-2802):D1(623):(1007):E0(651)
593;2017-09-26 18:16:00;A(-577):(-205):B1(230):(-1071):C(-47):(-69):D1(258):(-2709):E0(2428)
594;2017-09-23 02:29:00;A(798):(-146):B1(2):(-815):C(1693):(3403):D1(-146):(-2832):E0(324)
595;2017-04-12 05:02:00;A(-218):(264):B1(-97):(822):C(37):(-1023):D1(-18):(4395):E0(-4051)
596;2017-02-05 03:46:00;A(229):(-149):B1(20):(-110):C(-1428):(823):D1(710):(-1084):E0(1931)
597;2018-03-17 13:49:00;A(-759):(94):B1(748):(-3292):C(1599):(-773):D1(-553):(-1861):E0(-2251)
598;2017-10-11 06:52:00;A(139):(10):B1(382):(1425):C(-1546):(1787):D1(-827):(2871):E0(-1223)
599;2017-03-14 06:28:00;A(84):(5):B1(-102):(1736):C(687):(5965):D1(-172):(2096):E0(1559)
600;2017-08-26 16:36:00;A(119):(17):B1(106):(-283):C(-841):(1365):D1(-245):(5698):E0(-535)
601;2018-05-05 19:36:00;A(328):(49):B1(55):(-1029):C(-2216):(7676):D1(368):(-3158):E0(-2502)
602;2017-06-25 19:28:00;A(607):(42):B1(-90):(1351):C(6892):(-2456):D1(-509):(-2136):E0(761)
603;2017-07-09 02:31:00;A(-799):(168):B1(-1228):(-695):C(-853):(6293):D1(-57):(13612):E0(769)
604;2018-01-01 15:23:00;A(-512):(369):B1(729):(-2862):C(1742):(-1275):D1(7):(-1905):E0(250)
605;2017-12-11 23:40:00;A(-1455):(-36):B1(-1084):(957):C(2539):(2166):D1(151):(7681):E0(-1215)
606;2017-05-23 10:02:00;A(2639):(181):B1(-877):(-699):C(-188):(3400):D1(-80):(111):E0(-730)
607;2017-06-19 13:08:00;A(2365):(463):B1(458):(-715):C(19):(-706):D1(-22):(-8044):E0(-1068)
608;2017-05-08 23:34:00;A(746):(-58):B1(77):(-1593):C(728):(-5585):D1(221):(3698):E0(1812)
609;2017-03-30 23:03:00;A(358):(-205):B1(-7):(78):C(163):(-1475):D1(212):(9998):E0(-171)
610;2017-02-14 11:26:00;A(493):(-10):B1(-95):(2907):C(-4903):(6836):D1(174):(1984):E0(-1774)
611;2017-04-20 00:15:00;A(-915):(94):B1(-204):(3131):C(787):(1753):D1(-333):(708):E0(-916)
612;2017-02-26 06:18:00;A(-45):(-199):B1(-248):(65):C(-2606):(2487):D1(-9):(-3415):E0(2737)
613;2017-07-31 15:34:00;A(-101):(51):B1(277):(-2743):C(-2056):(313):D1(-414):(3088):E0(971)
614;2017-10-01 10:11:00;A(-2506):(51):B1(-79):(923):C(-308):(-1944):D1(-26):(695):E0(266)
615;2017-02-27 06:21:00;A(226):(225):B1(150):(61):C(1509):(2346):D1(166):(-2200):E0(-1485)
616;2017-04-02 05:17:00;A(445):(-307):B1(219):(910):C(818):(1633):D1(739):(1105):E0(-535)
617;2017-08-06 23:57:00;A(-1453):(354):B1(-122):(633):C(1646):(2133):D1(1):(627):E0(827)
618;2017-01-12 06:17:00;A(-282):(294):B1(-109):(-425):C(1353):(3333):D1(-212):(-5178):E0(-77)
619;2017-07-29 04:37:00;A(250):(-278):B1(-170):(-591):C(-203):(-1486):D1(257):(-1231):E0(1109)
620;2017-02-16 18:00:00;A(-186):(-62):B1(-46):(734):C(1093):(-2863):D1(160):(-9105):E0(4348)
622;2018-05-17 19:57:00;A(133):(215):B1(9):(-2140):C(2894):(2300):D1(486):(1162):E0(-4205)
623;2017-02-25 07:12:00;A(419):(220):B1(42):(-344):C(1609):(-6129):D1(-252):(-11753):E0(441)
624;2017-02-20 20:02:00;A(417):(-163):B1(-291):(-3566):C(-7975):(451):D1(1026):(-2940):E0(-884)
625;2017-03-11 14:58:00;A(-161):(165):B1(330):(4203):C(1633):(-582):D1(-243):(-4576):E0(-3855)
626;2017-03-22 04:06:00;A(2625):(57):B1(19):(310):C(1071):(-3561):D1(-643):(2666):E0(2487)
627;2017-04-02 05:53:00;A(-276):(160):B1(210):(675):C(-261):(-9909):D1(-53):(-373):E0(-2772)
628;2017-10-21 15:48:00;A(1579):(-168):B1(-183):(-16141):C(1499):(9):D1(107):(12343):E0(-481)
629;2017-01-07 20:02:00;A(-1555):(128):B1(-30):(3831):C(382):(-4478):D1(509):(-834):E0(-718)
630;2017-07-06 01:58:00;A(-291):(359):B1(378):(1410):C(-1948):(465):D1(-456):(-1762):E0(733)
631;2017-02-12 09:57:00;A(-283):(423):B1(-81):(138):C(-2524):(1528):D1(1012):(6770):E0(-2654)
632;2017-07-02 03:28:00;A(690):(266):B1(521):(-481):C(537):(-2781):D1(-196):(1125):E0(200)
633;2017-02-07 23:17:00;A(-406):(115):B1(87):(3197):C(82):(705):D1(-147):(1504):E0(-105)
634;2017-05-12 19:51:00;A(452):(-24):B1(-1028):(185):C(-1364):(437):D1(236):(2203):E0(1180)
635;2017-04-23 12:52:00;A(-459):(-170):B1(102):(716):C(279):(-5445):D1(-2):(862):E0(3124)
636;2017-10-29 09:39:00;A(-1551):(30):B1(15):(593):C(-325):(1198):D1(120):(-9121):E0(-1448)
637;2017-02-23 23:42:00;A(-2837):(78):B1(85):(-3015):C(3313):(3457):D1(-316):(-9455):E0(-255)
638;2017-01-22 13:51:00;A(1840):(99):B1(185):(-351):C(511):(-3850):D1(302):(-3615):E0(-890)
639;2017-06-25 01:01:00;A(677):(-112):B1(91):(92):C(703):(2680):D1(103):(1263):E0(773)
640;2017-12-04 12:21:00;A(96):(-95):B1(28):(795):C(847):(631):D1(163):(2241):E0(-3045)
642;2017-02-11 16:43:00;A(511):(-391):B1(-263):(-500):C(-88):(557):D1(678):(-12274):E0(1528)
643;2017-09-22 10:35:00;A(777):(-141):B1(-72):(2660):C(-3950):(1628):D1(-412):(968):E0(-402)
644;2018-02-17 11:31:00;A(378):(267):B1(-488):(512):C(2552):(-2524):D1(-266):(4135):E0(601)
645;2017-01-01 00:17:00;A(160):(71):B1(644):(-533):C(-215):(8167):D1(69):(4367):E0(2422)
646;2017-02-21 02:57:00;A(1588):(-9):B1(588):(1111):C(454):(1515):D1(-5):(4091):E0(40)
647;2017-04-25 14:58:00;A(1859):(-33):B1(23):(-2082):C(-2673):(137):D1(-268):(-880):E0(1615)
648;2017-11-13 06:57:00;A(-68):(-64):B1(45):(543):C(-336):(-2834):D1(-70):(526):E0(152)
649;2017-09-22 04:29:00;A(304):(-39):B1(212):(5728):C(1941):(-864):D1(-158):(-463):E0(-3875)
650;2017-08-27 07:13:00;A(-125):(69):B1(-125):(2970):C(-2222):(543):D1(-693):(-5702):E0(-276)
651;2017-02-01 11:27:00;A(610):(160):B1(75):(-6107):C(1241):(-975):D1(35):(-7399):E0(-1793)
652;2017-01-16 02:50:00;A(134):(-108):B1(670):(726):C(3918):(3097):D1(-18):(1206):E0(295)
653;2018-02-03 16:24:00;A(-199):(25):B1(-131):(-2872):C(-917):(-1000):D1(257):(-11064):E0(1242)
654;2017-04-07 02:27:00;A(217):(28):B1(-333):(-4990):C(1747):(3092):D1(1578):(85):E0(2040)
655;2017-06-12 18:44:00;A(48):(181):B1(-49):(1981):C(536):(620):D1(-35):(-4858):E0(-1542)
656;2017-05-15 15:13:00;A(1788):(-96):B1(125):(-2873):C(410):(2139):D1(-91):(-3101):E0(3196)
657;2017-08-21 09:22:00;A(317):(90):B1(-117):(-555):C(517):(869):D1(239):(5038):E0(-1422)
658;2017-05-12 03:53:00;A(-349):(104):B1(6):(1624):C(4788):(391):D1(239):(-830):E0(-878)
659;2017-06-27 12:11:00;A(1387):(-167):B1(-486):(5077):C(649):(-456):D1(-171):(-4404):E0(-3167)
660;2017-07-10 02:22:00;A(-88):(-3):B1(98):(712):C(360):(-1784):D1(-931):(2606):E0(-2684)
661;2018-05-04 05:41:00;A(189):(71):B1(-893):(562):C(-1108):(-6748):D1(105):(4975):E0(-978)
662;2017-02-24 16:39:00;A(45):(214):B1(-73):(66):C(-1581):(-5231):D1(-574):(-1429):E0(2441)
663;2017-12-07 08:56:00;A(543):(170):B1(-855):(869):C(5589):(1452):D1(250):(-2972):E0(-522)
664;2017-05-29 16:12:00;A(1347):(-173):B1(62):(2178):C(-883):(-690):D1(481):(-418):E0(5061)
665;2017-08-19 23:37:00;A(-541):(-185):B1(60):(2325):C(1509):(-2056):D1(164):(1434):E0(-804)
666;2017-01-04 02:31:00;A(234):(-95):B1(-164):(2326):C(3111):(-5644):D1(267):(1414):E0(114)
667;2017-06-15 03:41:00;A(-1304):(117):B1(-195):(4827):C(202):(-330):D1(-170):(3843):E0(2461)
668;2017-03-20 07:47:00;A(-332):(54):B1(536):(-2333):C(204):(-4465):D1(66):(1513):E0(-2806)
669;2017-05-26 11:45:00;A(1152):(-419):B1(-290):(51):C(517):(1817):D1(24):(909):E0(5888)
670;2017-01-15 01:16:00;A(158):(-320):B1(312):(1100):C(179):(-7254):D1(-125):(3597):E0(-103)
671;2017-06-11 05:22:00;A(535):(-87):B1(-79):(-79):C(-2134):(-1389):D1(-204):(-3216):E0(-991)
672;2017-02-16 22:42:00;A(29):(-24):B1(-240):(-1568):C(-722):(1600):D1(356):(-6546):E0(2328)
673;2017-04-06 02:38:00;A(-1739):(-356):B1(-329):(953):C(429):(-274):D1(-330):(-288):E0(1228)
674;2017-01-09 02:05:00;A(-525):(79):B1(-52):(-5339):C(2505):(-1047):D1(9):(2660):E0(-3185)
675;2017-01-02 21:52:00;A(881):(13):B1(-353):(2757):C(-2254):(1647):D1(83):(-413):E0(1024)
676;2017-08-30 20:47:00;A(-1828):(-183):B1(-123):(-645):C(-296):(-1637):D1(138):(-6715):E0(3683)
677;2017-07-22 11:08:00;A(2034):(-107):B1(423):(-787):C(1671):(-12761):D1(26):(847):E0(371)
678;2018-03-04 18:23:00;A(604):(1):B1(629):(4545):C(5067):(-471):D1(634):(218):E0(-4365)
679;2017-01-17 00:11:00;A(628):(-253):B1(651):(8664):C(211):(3717):D1(-297):(3270):E0(-1138)
680;2017-03-09 12:21:00;A(521):(-333):B1(-294):(161):C(1443):(-2446):D1(-57):(-3707):E0(3226)
681;2018-03-03 14:57:00;A(53):(-172):B1(188):(-415):C(2578):(837):D1(-191):(-3327):E0(-2857)
682;2017-03-03 03:26:00;A(595):(218):B1(-321):(4799):C(5773):(-453):D1(4):(1197):E0(163)
683;2017-02-03 05:58:00;A(1281):(419):B1(-93):(-1247):C(3091):(-1701):D1(-8):(-6838):E0(-1093)
684;2017-02-25 13:56:00;A(479):(314):B1(21):(3008):C(-2701):(6052):D1(848):(6166):E0(5219)
686;2017-02-05 17:17:00;A(259):(238):B1(-383):(2493):C(-114):(-4988):D1(-62):(2997):E0(24)
687;2017-09-29 03:12:00;A(396):(346):B1(110):(5621):C(1778):(-4571):D1(986):(-2752):E0(12367)
688;2018-12-16 07:08:00;A(549):(-325):B1(-372):(1963):C(-277):(614):D1(550):(1912):E0(-538)
689;2018-02-17 11:23:00;A(671):(-252):B1(24):(-634):C(2750):(-3073):D1(-153):(-1393):E0(-5513)
690;2017-08-26 07:06:00;A(1070):(92):B1(-685):(-219):C(1340):(-10032):D1(490):(1645):E0(-206)
691;2017-12-19 08:04:00;A(-620):(-30):B1(132):(-6021):C(2828):(1100):D1(-482):(2412):E0(-4305)
692;2018-08-18 22:19:00;A(-115):(16):B1(-284):(4163):C(-1921):(-5924):D1(13):(-86):E0(3863)
693;2018-02-03 09:18:00;A(-204):(14):B1(47):(-575):C(-827):(-1195):D1(267):(-2562):E0(-939)
694;2017-02-03 08:46:00;A(367):(121):B1(60):(-771):C(3714):(-2424):D1(86):(2203):E0(2686)
695;2017-03-14 16:12:00;A(315):(-45):B1(-155):(5367):C(300):(562):D1(281):(2624):E0(-2035)
696;2018-02-27 03:25:00;A(2772):(164):B1(421):(2669):C(717):(1750):D1(356):(3677):E0(3398)
697;2017-07-04 14:23:00;A(784):(-17):B1(174):(-3129):C(-14):(-2457):D1(-1471):(-10256):E0(577)
698;2017-03-20 22:18:00;A(87):(-175):B1(-204):(-346):C(-1338):(-3074):D1(295):(5084):E0(-138)
699;2018-02-15 10:35:00;A(-1360):(56):B1(-945):(-1735):C(-872):(1358):D1(575):(-7642):E0(7393)
700;2017-02-08 15:22:00;A(-730):(129):B1(169):(331):C(1283):(-144):D1(638):(3249):E0(-992)
701;2017-04-08 18:14:00;A(-1270):(141):B1(236):(-978):C(-1363):(-42):D1(137):(-4101):E0(-613)
702;2017-11-21 00:53:00;A(-136):(106):B1(961):(1924):C(-193):(-953):D1(267):(1157):E0(350)
703;2017-01-20 21:20:00;A(-103):(53):B1(-976):(3029):C(1365):(-400):D1(62):(-6996):E0(2896)
704;2017-10-20 05:25:00;A(-247):(-202):B1(247):(3862):C(1876):(1327):D1(-156):(5833):E0(735)
705;2017-11-02 20:59:00;A(78):(113):B1(775):(-11):C(-2586):(3004):D1(54):(6539):E0(797)
706;2017-05-07 04:12:00;A(111):(-66):B1(179):(3447):C(976):(2621):D1(-76):(10656):E0(3141)
707;2017-02-08 04:05:00;A(229):(24):B1(-58):(-1523):C(-394):(-4466):D1(-21):(-953):E0(5191)
708;2017-03-05 11:35:00;A(1199):(150):B1(-243):(4600):C(-1308):(-131):D1(492):(-2834):E0(1161)
710;2018-03-16 16:59:00;A(2270):(94):B1(-67):(-2532):C(431):(3080):D1(120):(805):E0(1985)
711;2017-06-24 17:13:00;A(-594):(-83):B1(159):(-912):C(1746):(-887):D1(-327):(-1765):E0(-1479)
712;2018-03-06 05:42:00;A(-2956):(-469):B1(-404):(2078):C(-2):(969):D1(-92):(2134):E0(1224)
713;2017-12-09 08:38:00;A(2826):(-1):B1(-74):(1481):C(3019):(-950):D1(127):(-7529):E0(77)
714;2017-04-16 20:03:00;A(-379):(285):B1(327):(3211):C(-504):(-146):D1(-31):(1296):E0(865)
715;2017-03-16 00:11:00;A(-140):(28):B1(186):(880):C(471):(-2401):D1(6):(-5453):E0(1235)
716;2017-01-10 06:38:00;A(1366):(-177):B1(-527):(1969):C(446):(8424):D1(127):(-8407):E0(-1278)
717;2017-01-08 12:31:00;A(34):(77):B1(510):(-42):C(2824):(2156):D1(182):(-9092):E0(-1262)
718;2017-02-11 23:45:00;A(-1378):(309):B1(234):(-1620):C(-2399):(-2518):D1(-745):(9593):E0(285)
719;2017-04-22 15:32:00;A(-151):(53):B1(-111):(2784):C(428):(-1842):D1(64):(2955):E0(638)
720;2017-02-02 03:16:00;A(-55):(4):B1(14):(377):C(5032):(2372):D1(-465):(4463):E0(166)
721;2017-01-17 04:28:00;A(191):(-176):B1(-66):(699):C(1720):(4358):D1(8):(1949):E0(-111)
722;2018-03-03 01:15:00;A(-129):(207):B1(961):(1885):C(234):(-3125):D1(-173):(445):E0(1541)
723;2017-01-24 09:26:00;A(-476):(-51):B1(407):(130):C(374):(-1795):D1(319):(-7703):E0(-502)
724;2017-03-09 20:16:00;A(-305):(33):B1(19):(1408):C(973):(1054):D1(-717):(3685):E0(-255)
725;2019-01-14 00:52:00;A(-507):(55):B1(677):(-151):C(-105):(64):D1(711):(5634):E0(2047)
726;2017-01-02 18:12:00;A(281):(-220):B1(-87):(-5254):C(1076):(1274):D1(114):(-799):E0(10301)
727;2017-01-04 07:27:00;A(982):(3):B1(-171):(-3579):C(525):(899):D1(-301):(2221):E0(-3849)
728;2017-01-10 06:36:00;A(-710):(34):B1(0):(1325):C(-2543):(2408):D1(67):(9788):E0(4190)
729;2017-07-10 12:54:00;A(60):(-57):B1(-280):(2480):C(2154):(1073):D1(199):(3838):E0(-932)
730;2017-03-16 04:24:00;A(1448):(-29):B1(50):(-1376):C(430):(282):D1(-508):(1229):E0(1272)
731;2017-03-08 08:43:00;A(-151):(234):B1(-321):(-3300):C(-3985):(-3703):D1(142):(10138):E0(233)
732;2017-07-13 03:07:00;A(332):(-13):B1(179):(407):C(824):(1793):D1(87):(-201):E0(-993)
733;2017-06-29 15:45:00;A(-111):(-9):B1(14):(2291):C(301):(2082):D1(104):(-5965):E0(-6296)
734;2017-06-28 15:05:00;A(-2214):(35):B1(121):(4200):C(-142):(1188):D1(229):(9224):E0(634)
736;2017-06-16 23:33:00;A(1477):(238):B1(607):(580):C(-160):(24):D1(-249):(4772):E0(585)
737;2017-02-20 11:03:00;A(923):(208):B1(269):(755):C(-288):(-1642):D1(1586):(-316):E0(-1642)
738;2017-01-24 04:43:00;A(1246):(-85):B1(216):(168):C(-762):(-503):D1(128):(4442):E0(5237)
739;2018-05-11 06:23:00;A(1699):(95):B1(297):(550):C(1255):(1849):D1(200):(-306):E0(722)
740;2017-03-11 19:43:00;A(584):(-56):B1(220):(-564):C(-4959):(5482):D1(-172):(5614):E0(-1444)
741;2017-03-11 23:25:00;A(-763):(65):B1(-601):(-380):C(325):(3264):D1(589):(8857):E0(-2057)
742;2018-08-29 23:55:00;A(-45):(-231):B1(667):(1176):C(-574):(3041):D1(606):(6310):E0(-592)
743;2018-02-03 01:25:00;A(88):(-192):B1(157):(-24):C(2829):(4555):D1(-40):(4173):E0(-683)
744;2017-03-22 16:10:00;A(-40):(99):B1(301):(645):C(-1266):(4728):D1(-14):(4968):E0(-1927)
745;2018-08-04 23:56:00;A(510):(238):B1(-357):(1594):C(13):(-1596):D1(188):(-5530):E0(-248)
746;2018-02-04 08:22:00;A(-1913):(1):B1(792):(1200):C(-1844):(-2470):D1(1):(6538):E0(-185)
747;2017-09-13 06:14:00;A(-3658):(-14):B1(-94):(249):C(1532):(1612):D1(24):(-3950):E0(2500)
748;2017-08-07 08:24:00;A(-21):(-111):B1(43):(-912):C(-1371):(-9723):D1(-12):(2718):E0(29)
749;2017-01-23 22:52:00;A(-66):(-444):B1(-71):(-2431):C(752):(-855):D1(75):(-10754):E0(-6399)
750;2017-01-29 20:45:00;A(221):(-88):B1(-30):(643):C(70):(7404):D1(-45):(1397):E0(8535)
751;2018-01-19 00:19:00;A(-307):(-212):B1(-91):(-492):C(1093):(7921):D1(-232):(2805):E0(1582)
752;2017-05-12 04:01:00;A(18):(203):B1(22):(6):C(2374):(-1571):D1(-55):(5313):E0(1594)
753;2017-12-07 22:38:00;A(-44):(-117):B1(-238):(1275):C(4923):(-1499):D1(453):(-4946):E0(-885)
754;2017-01-01 00:21:00;A(57):(9):B1(-138):(-3756):C(-1590):(-1214):D1(153):(-7507):E0(-1959)
755;2018-04-24 13:34:00;A(1274):(-256):B1(5):(857):C(-1199):(-462):D1(574):(1340):E0(-2552)
756;2017-03-17 10:23:00;A(-214):(64):B1(306):(2778):C(7047):(1449):D1(752):(19354):E0(-673)
757;2018-04-19 21:21:00;A(-3758):(-475):B1(-77):(-953):C(2762):(1617):D1(233):(-1885):E0(-2209)
758;2017-03-06 16:51:00;A(517):(-308):B1(200):(1637):C(1624):(1531):D1(422):(-1139):E0(3171)
759;2018-05-24 20:53:00;A(126):(-98):B1(526):(-669):C(1611):(1458):D1(669):(-3607):E0(2932)
760;2018-12-21 22:21:00;A(-787):(282):B1(-8):(260):C(1514):(-3070):D1(501):(-348):E0(2249)
761;2017-05-31 11:27:00;A(1532):(-21):B1(-227):(1550):C(402):(6801):D1(-673):(-10285):E0(104)
762;2017-09-21 14:36:00;A(-329):(-78):B1(-213):(169):C(3289):(47):D1(-3):(1914):E0(-389)
763;2017-09-07 13:10:00;A(-1617):(-56):B1(123):(1193):C(-680):(-2438):D1(-354):(-531):E0(-50)
764;2017-02-12 13:49:00;A(294):(-24):B1(974):(62):C(467):(-1848):D1(-703):(-12711):E0(-1657)
765;2017-10-20 21:18:00;A(1786):(147):B1(-17):(-676):C(-2199):(376):D1(-438):(434):E0(1227)
766;2017-03-29 19:26:00;A(-684):(-122):B1(-100):(1552):C(3395):(-16426):D1(-99):(1709):E0(-397)
767;2017-01-13 05:09:00;A(-96):(-60):B1(224):(4325):C(-853):(2303):D1(148):(-9583):E0(-207)
768;2017-01-23 11:13:00;A(268):(-379):B1(285):(1290):C(-17):(-1168):D1(-303):(2396):E0(-1118)
769;2017-07-24 06:54:00;A(878):(-164):B1(-43):(-100):C(2661):(231):D1(-245):(797):E0(1479)
770;2018-07-10 17:23:00;A(-1972):(281):B1(270):(-1607):C(-5029):(-6508):D1(572):(-14539):E0(47)
771;2017-03-20 10:23:00;A(-439):(29):B1(887):(1374):C(-1270):(1007):D1(-14):(-10083):E0(-1461)
772;2017-05-26 03:49:00;A(-1574):(-12):B1(284):(-787):C(-75):(2555):D1(125):(7854):E0(-44)
773;2017-03-10 15:02:00;A(622):(149):B1(372):(-99):C(-16):(4135):D1(32):(1023):E0(1111)
774;2017-08-29 19:52:00;A(1735):(49):B1(134):(418):C(-793):(3057):D1(343):(1570):E0(702)
775;2017-11-09 09:12:00;A(638):(130):B1(-2):(1959):C(-83):(260):D1(40):(3843):E0(2472)
776;2017-03-17 18:34:00;A(-1223):(178):B1(27):(2947):C(-1040):(927):D1(-37):(-4186):E0(-745)
777;2017-04-20 21:36:00;A(-1308):(313):B1(263):(1720):C(95):(-457):D1(1717):(10237):E0(-5570)
778;2017-12-05 04:10:00;A(-2065):(-23):B1(101):(-1942):C(1545):(1944):D1(-12):(-6966):E0(-5246)
779;2017-01-13 13:43:00;A(1957):(-40):B1(-18):(1469):C(141):(947):D1(188):(-9319):E0(-442)
780;2017-07-08 12:21:00;A(1304):(50):B1(288):(1213):C(3670):(503):D1(-91):(153):E0(-1043)
781;2017-04-24 09:38:00;A(237):(17):B1(-10):(-631):C(614):(383):D1(137):(-10):E0(-441)
783;2017-07-24 23:15:00;A(507):(-247):B1(-14):(-205):C(-1002):(2555):D1(-45):(-5339):E0(-498)
784;2017-03-07 05:58:00;A(1639):(-178):B1(112):(-269):C(3535):(6055):D1(262):(-8215):E0(-1728)
786;2018-04-13 19:39:00;A(-647):(216):B1(6):(-15):C(2640):(137):D1(14):(-1802):E0(-318)
787;2017-01-03 07:20:00;A(-541):(77):B1(-27):(-2489):C(215):(1422):D1(-449):(-1748):E0(-1542)
788;2018-10-15 10:22:00;A(-176):(143):B1(-314):(-695):C(-133):(1870):D1(-796):(1314):E0(-1895)
789;2017-08-23 12:32:00;A(-1296):(-33):B1(-35):(2453):C(2585):(1817):D1(250):(215):E0(-2165)
790;2017-02-06 05:25:00;A(336):(-53):B1(-790):(-752):C(1601):(-1142):D1(-283):(-1601):E0(1096)
791;2018-04-22 17:06:00;A(-34):(221):B1(441):(4312):C(-126):(-4192):D1(148):(-283):E0(985)
792;2017-05-22 00:08:00;A(2054):(45):B1(-52):(3827):C(17):(-761):D1(31):(6982):E0(92)
793;2017-04-11 18:10:00;A(-124):(-247):B1(-145):(2455):C(387):(-3902):D1(-182):(2189):E0(1914)
794;2017-11-30 04:15:00;A(354):(-171):B1(-1168):(3265):C(671):(-1420):D1(-386):(-2056):E0(383)
795;2017-01-02 06:21:00;A(-42):(-15):B1(156):(-1291):C(-26):(-1343):D1(970):(-2107):E0(4056)
796;2017-10-27 12:19:00;A(4238):(210):B1(89):(-1075):C(363):(1590):D1(88):(1866):E0(1344)
798;2017-07-25 06:05:00;A(-154):(10):B1(-426):(545):C(-1189):(1755):D1(-366):(3984):E0(1029)
799;2017-01-16 03:22:00;A(-2743):(129):B1(-88):(1517):C(3841):(-4737):D1(993):(-11212):E0(398)
800;2017-12-12 03:06:00;A(-1679):(-95):B1(784):(-3135):C(1978):(-1465):D1(224):(4317):E0(-62)
801;2017-01-26 20:14:00;A(-218):(139):B1(-4):(2785):C(2543):(3445):D1(252):(5245):E0(1023)
802;2017-05-26 11:25:00;A(753):(-221):B1(111):(-332):C(-910):(-2792):D1(565):(458):E0(-2285)
803;2017-05-17 07:18:00;A(197):(-12):B1(77):(828):C(2490):(-2890):D1(-299):(12):E0(-1107)
804;2018-07-01 22:25:00;A(161):(-32):B1(380):(9713):C(1979):(-3946):D1(623):(3554):E0(-146)
805;2017-01-16 09:39:00;A(1172):(118):B1(-165):(-5018):C(-1811):(1848):D1(50):(-2775):E0(3553)
806;2017-05-18 10:12:00;A(-306):(200):B1(720):(-817):C(668):(7766):D1(696):(1444):E0(-1992)
807;2017-12-15 18:23:00;A(80):(-10):B1(364):(790):C(2155):(-396):D1(-147):(908):E0(-5146)
808;2017-06-15 05:16:00;A(-13):(-139):B1(66):(-5536):C(-321):(-4880):D1(349):(7535):E0(1128)
809;2018-03-06 04:08:00;A(-481):(-271):B1(388):(-4186):C(-2139):(-702):D1(212):(4893):E0(561)
812;2017-02-01 02:17:00;A(-1396):(-263):B1(1170):(-301):C(745):(171):D1(-975):(2167):E0(1955)
813;2017-08-22 04:43:00;A(1070):(-128):B1(-13):(-1694):C(-3517):(5047):D1(173):(124):E0(-2028)
814;2017-12-28 09:03:00;A(134):(-24):B1(290):(-2172):C(-2163):(882):D1(105):(1470):E0(-1058)
815;2017-06-10 11:58:00;A(1304):(-7):B1(347):(1973):C(3134):(-2080):D1(405):(6154):E0(-3740)
816;2017-01-24 05:09:00;A(-667):(-71):B1(1321):(4806):C(1602):(1178):D1(245):(24202):E0(41)
818;2018-06-29 19:35:00;A(-2478):(154):B1(265):(-276):C(-1982):(10629):D1(197):(-876):E0(126)
819;2018-06-23 01:03:00;A(-231):(-67):B1(-554):(1960):C(-1142):(-682):D1(203):(1344):E0(-82)
820;2017-07-07 14:40:00;A(338):(14):B1(-552):(743):C(-6917):(-2056):D1(-169):(3953):E0(1601)
821;2017-02-04 19:56:00;A(-662):(190):B1(-96):(-684):C(779):(3169):D1(481):(2968):E0(-1024)
822;2017-05-08 09:43:00;A(211):(-194):B1(94):(-867):C(260):(1825):D1(31):(2440):E0(-2137)
823;2017-01-29 04:49:00;A(-134):(-9):B1(-133):(2246):C(-632):(2970):D1(881):(733):E0(-4300)
824;2017-05-06 05:14:00;A(-1383):(304):B1(-237):(779):C(174):(-3473):D1(-61):(-999):E0(-3117)
825;2017-01-05 05:52:00;A(2489):(61):B1(-154):(3708):C(799):(-727):D1(-388):(-16606):E0(879)
826;2018-01-01 13:15:00;A(2539):(390):B1(157):(-665):C(-1069):(-10284):D1(169):(14819):E0(-1732)
827;2017-08-05 21:43:00;A(630):(-73):B1(-143):(3009):C(-1625):(-172):D1(-507):(-15):E0(3449)
828;2017-01-08 22:24:00;A(-611):(93):B1(-1171):(-1893):C(3448):(-1887):D1(-860):(-979):E0(-4126)
829;2017-11-28 08:42:00;A(1588):(-2):B1(204):(-4126):C(914):(2364):D1(-2):(1598):E0(-3278)
830;2018-10-15 10:26:00;A(-213):(-161):B1(250):(-167):C(-32):(2554):D1(-84):(-2809):E0(-2749)
831;2017-12-12 22:53:00;A(1123):(-339):B1(-53):(551):C(389):(-7012):D1(-243):(-922):E0(6780)
832;2018-02-28 14:47:00;A(-443):(96):B1(-144):(-4520):C(-169):(-183):D1(-815):(-4623):E0(-610)
833;2017-11-17 13:30:00;A(-51):(-31):B1(164):(-1839):C(3424):(427):D1(104):(1517):E0(-168)
834;2017-03-10 11:57:00;A(38):(133):B1(-181):(797):C(1017):(-1570):D1(324):(-6560):E0(1416)
835;2017-06-03 23:49:00;A(-777):(-114):B1(184):(3050):C(-32):(-948):D1(124):(-341):E0(-77)
836;2018-02-15 01:18:00;A(1130):(-159):B1(-358):(-794):C(1767):(-3440):D1(60):(2052):E0(229)
837;2017-04-29 07:35:00;A(580):(0):B1(131):(642):C(-427):(-430):D1(-7):(-2099):E0(624)
838;2017-12-15 08:29:00;A(670):(213):B1(-759):(-1778):C(5):(-173):D1(-74):(7838):E0(-110)
839;2017-03-19 12:29:00;A(-896):(-152):B1(215):(-205):C(1296):(-270):D1(108):(1541):E0(130)
840;2018-11-01 15:34:00;A(-274):(46):B1(535):(-1773):C(1909):(295):D1(279):(3091):E0(927)
841;2017-06-23 07:53:00;A(-359):(398):B1(360):(440):C(625):(4712):D1(-134):(9180):E0(324)
842;2017-03-19 13:21:00;A(-529):(104):B1(-624):(4334):C(-1832):(293):D1(-230):(-17089):E0(1003)
843;2017-02-01 03:32:00;A(429):(29):B1(138):(-3170):C(-1021):(-2723):D1(829):(-4628):E0(-686)
844;2018-05-26 11:17:00;A(-598):(153):B1(-289):(-558):C(-2017):(517):D1(-223):(-2812):E0(1954)
846;2017-02-14 04:09:00;A(243):(-240):B1(137):(-1165):C(1445):(4712):D1(-424):(3457):E0(-6131)
847;2017-01-01 17:39:00;A(-1269):(14):B1(119):(2776):C(-3272):(-3246):D1(-313):(7389):E0(584)
848;2017-04-26 03:34:00;A(121):(-109):B1(-32):(2855):C(6664):(156):D1(-623):(13328):E0(2007)
849;2017-07-13 16:46:00;A(1428):(-99):B1(34):(-5530):C(-1319):(2235):D1(37):(7864):E0(-296)
850;2017-06-06 09:56:00;A(713):(24):B1(-494):(1591):C(-584):(3502):D1(533):(6674):E0(33)
851;2017-06-20 04:04:00;A(456):(-255):B1(128):(-1818):C(2026):(-2850):D1(-555):(4653):E0(3613)
852;2017-06-26 04:03:00;A(-1093):(-103):B1(-77):(592):C(-1205):(-1785):D1(411):(-764):E0(441)
853;2017-06-12 01:21:00;A(-20):(81):B1(199):(1414):C(-369):(4215):D1(61):(755):E0(2578)
854;2018-07-19 08:12:00;A(-891):(30):B1(-44):(-345):C(63):(362):D1(-54):(6983):E0(-343)
855;2018-01-28 01:10:00;A(554):(-314):B1(-511):(-665):C(1476):(1847):D1(560):(2193):E0(-3106)
856;2017-05-19 18:30:00;A(-566):(4):B1(29):(927):C(468):(-320):D1(112):(-2310):E0(188)
857;2017-01-28 09:08:00;A(297):(-179):B1(-69):(7290):C(-3500):(2553):D1(338):(417):E0(710)
858;2017-03-09 22:08:00;A(732):(129):B1(-681):(-1948):C(709):(291):D1(-138):(-751):E0(-54)
859;2017-04-05 01:55:00;A(1242):(23):B1(73):(3823):C(946):(-1297):D1(216):(-349):E0(-860)
860;2017-01-23 12:02:00;A(468):(-11):B1(-78):(-1724):C(180):(-2576):D1(-257):(-434):E0(-4746)
861;2017-05-03 12:18:00;A(203):(25):B1(248):(1793):C(1264):(3422):D1(833):(-932):E0(841)
862;2017-05-13 03:46:00;A(3126):(-72):B1(-227):(2065):C(-1708):(1942):D1(31):(-2425):E0(528)
863;2017-09-13 20:47:00;A(1002):(-127):B1(13):(-1001):C(-889):(-1015):D1(-116):(378):E0(-3759)
865;2017-12-26 22:32:00;A(528):(201):B1(-181):(3281):C(701):(2545):D1(635):(128):E0(-489)
866;2017-01-27 17:24:00;A(681):(-86):B1(-40):(-1241):C(-1666):(2412):D1(-335):(-745):E0(-167)
867;2017-03-30 09:31:00;A(-1168):(99):B1(-368):(7848):C(1893):(2967):D1(76):(1991):E0(-435)
868;2017-10-20 18:56:00;A(642):(-261):B1(-149):(1904):C(1639):(917):D1(35):(2314):E0(-2353)
869;2017-09-10 19:24:00;A(-2481):(-103):B1(103):(1625):C(1153):(1930):D1(162):(10146):E0(820)
870;2017-02-07 06:39:00;A(-1998):(68):B1(-49):(1783):C(889):(2964):D1(586):(-1630):E0(528)
871;2017-02-19 18:31:00;A(1694):(-248):B1(158):(442):C(-672):(-2927):D1(52):(2567):E0(-1973)
872;2017-01-29 13:00:00;A(-2225):(60):B1(-837):(4285):C(-3418):(1235):D1(477):(-1683):E0(2281)
873;2017-02-08 19:49:00;A(1308):(-116):B1(1101):(1544):C(-920):(4666):D1(195):(2959):E0(1179)
874;2017-03-10 13:20:00;A(-1160):(-153):B1(859):(-7156):C(-607):(-2180):D1(801):(1242):E0(2214)
875;2017-01-14 15:59:00;A(165):(-255):B1(-48):(1559):C(39):(4568):D1(-277):(-4832):E0(276)
876;2017-07-11 23:35:00;A(120):(138):B1(1356):(368):C(63):(-4024):D1(122):(5842):E0(2813)
877;2017-01-16 19:27:00;A(-1309):(145):B1(-333):(-1597):C(170):(1864):D1(-24):(-914):E0(-366)
878;2018-02-17 06:34:00;A(-466):(-394):B1(395):(292):C(126):(233):D1(-130):(3395):E0(-839)
879;2017-04-21 10:16:00;A(27):(59):B1(-87):(-2438):C(6676):(4185):D1(7):(-1008):E0(1330)
880;2017-09-17 02:57:00;A(187):(30):B1(-638):(733):C(-6004):(2674):D1(378):(2270):E0(-2627)
881;2017-04-15 02:07:00;A(1394):(-240):B1(762):(2353):C(353):(-5660):D1(126):(-13531):E0(635)
882;2017-09-20 11:10:00;A(-95):(-43):B1(956):(1088):C(-886):(4545):D1(-262):(-4712):E0(-72)
883;2018-05-12 18:14:00;A(-538):(34):B1(700):(683):C(-350):(-3287):D1(-644):(3927):E0(-2070)
884;2017-01-20 06:19:00;A(1064):(-55):B1(-5):(-1013):C(1805):(-1380):D1(-642):(3615):E0(-99)
885;2017-01-31 10:11:00;A(43):(226):B1(-558):(-731):C(660):(1074):D1(-564):(565):E0(-733)
886;2017-01-05 18:11:00;A(-1248):(129):B1(-637):(2140):C(-2766):(-904):D1(-163):(-3299):E0(1808)
887;2018-02-23 02:25:00;A(1105):(130):B1(32):(-225):C(4269):(5560):D1(21):(-11076):E0(-5439)
888;2017-03-03 16:48:00;A(-607):(-12):B1(-52):(5073):C(662):(1469):D1(-618):(-1493):E0(2536)
889;2018-04-17 10:43:00;A(434):(70):B1(313):(1959):C(1232):(7133):D1(107):(-1659):E0(-2872)
890;2017-04-04 21:41:00;A(-12):(136):B1(341):(-1870):C(-2315):(-5409):D1(-224):(620):E0(4166)
891;2017-07-03 21:32:00;A(-1054):(-14):B1(-98):(169):C(5111):(4225):D1(-335):(-6149):E0(4776)
892;2017-07-01 09:01:00;A(-419):(463):B1(-239):(198):C(-64):(9695):D1(195):(3659):E0(1)
893;2017-04-13 20:16:00;A(-125):(-76):B1(-226):(-764):C(-935):(-2779):D1(-594):(-14219):E0(122)
894;2017-02-25 20:52:00;A(-349):(-278):B1(869):(467):C(-878):(2513):D1(-139):(-4234):E0(1557)
895;2017-02-05 10:21:00;A(-608):(79):B1(20):(522):C(1230):(-435):D1(55):(612):E0(1400)
896;2017-01-23 00:13:00;A(-1887):(-105):B1(467):(-131):C(-4162):(1870):D1(-184):(1969):E0(-1603)
897;2017-04-18 22:36:00;A(-149):(-162):B1(478):(-1080):C(960):(-10):D1(-128):(14236):E0(762)
898;2017-01-11 04:34:00;A(-700):(110):B1(593):(1525):C(1557):(2377):D1(-498):(1054):E0(-972)
899;2017-02-20 05:47:00;A(201):(64):B1(335):(415):C(1373):(-4218):D1(-92):(-1106):E0(-1364)
900;2018-04-14 12:40:00;A(62):(90):B1(217):(-1967):C(2084):(-1410):D1(11):(1894):E0(1078)
901;2017-12-03 19:30:00;A(-474):(48):B1(176):(-110):C(-528):(2510):D1(-31):(-1304):E0(-3)
902;2017-01-02 22:41:00;A(-409):(328):B1(414):(-1206):C(-550):(1470):D1(-308):(499):E0(-639)
903;2017-06-16 06:04:00;A(146):(121):B1(459):(4065):C(1468):(1837):D1(131):(918):E0(-2579)
904;2017-05-04 14:40:00;A(1372):(192):B1(-357):(-2494):C(-7678):(4520):D1(24):(-4879):E0(-125)
905;2017-01-14 17:52:00;A(735):(-275):B1(-36):(-1501):C(-1075):(3915):D1(159):(-591):E0(-2423)
906;2017-02-12 00:18:00;A(-1592):(350):B1(52):(140):C(567):(3032):D1(-162):(-6836):E0(-1334)
907;2017-01-09 08:53:00;A(-871):(-10):B1(533):(5227):C(-445):(691):D1(21):(-227):E0(2890)
908;2017-03-01 05:09:00;A(-3835):(78):B1(56):(470):C(-1573):(-1693):D1(207):(6083):E0(37)
909;2017-07-29 05:01:00;A(1667):(-12):B1(217):(-6954):C(4928):(2259):D1(-440):(1997):E0(1002)
910;2017-01-19 02:51:00;A(951):(299):B1(-593):(-4364):C(597):(-748):D1(8):(3385):E0(905)
911;2017-01-11 22:22:00;A(-154):(281):B1(-430):(1239):C(-2612):(717):D1(533):(540):E0(1940)
912;2017-10-03 15:21:00;A(-188):(-17):B1(-75):(-2435):C(-2219):(2581):D1(188):(3439):E0(1148)
913;2017-04-29 03:37:00;A(-77):(-262):B1(-487):(1255):C(308):(6181):D1(-37):(10652):E0(738)
914;2017-05-12 09:08:00;A(1590):(36):B1(137):(-1532):C(1119):(-2143):D1(60):(3522):E0(2029)
915;2018-08-30 03:13:00;A(1999):(-6):B1(87):(1806):C(850):(1179):D1(-253):(-1913):E0(2243)
916;2017-06-07 21:08:00;A(-52):(-124):B1(-441):(394):C(-3966):(1507):D1(-1039):(-4015):E0(-1798)
917;2017-03-04 14:13:00;A(-730):(-145):B1(151):(-219):C(-1020):(-4465):D1(1394):(2857):E0(117)
918;2017-03-21 18:40:00;A(-1658):(365):B1(196):(-3891):C(-718):(319):D1(-269):(-7779):E0(2221)
919;2017-05-21 11:34:00;A(-880):(84):B1(69):(460):C(212):(3748):D1(-599):(5801):E0(-460)
920;2018-05-09 22:47:00;A(-69):(-22):B1(473):(3805):C(393):(-1212):D1(65):(-1263):E0(775)
921;2018-01-23 03:54:00;A(-197):(190):B1(417):(-4875):C(-2264):(-6953):D1(-153):(1614):E0(-2934)
922;2017-01-20 12:18:00;A(1184):(-48):B1(-79):(3163):C(-1951):(201):D1(205):(1556):E0(435)
923;2017-09-03 00:43:00;A(644):(178):B1(-9):(2311):C(144):(-4389):D1(170):(820):E0(3053)
924;2017-10-30 19:12:00;A(-209):(210):B1(1167):(-3486):C(-3516):(10598):D1(573):(-1873):E0(644)
925;2017-02-01 20:58:00;A(-1216):(44):B1(453):(-274):C(5265):(-5320):D1(123):(1574):E0(405)
926;2017-03-13 12:01:00;A(1494):(-150):B1(211):(71):C(1678):(-1916):D1(-223):(-455):E0(828)
927;2017-05-22 07:39:00;A(1098):(-38):B1(1104):(352):C(2609):(-389):D1(-47):(170):E0(-869)
928;2018-01-31 09:39:00;A(-396):(343):B1(438):(926):C(777):(5739):D1(557):(7626):E0(-3096)
929;2018-08-18 17:57:00;A(1095):(22):B1(-641):(3585):C(-386):(372):D1(-1099):(6798):E0(-1631)
930;2017-07-31 16:05:00;A(-457):(-131):B1(-1000):(-3852):C(55):(-1226):D1(-56):(-3631):E0(-2775)
931;2017-01-25 11:01:00;A(-112):(232):B1(89):(782):C(-176):(4643):D1(759):(-831):E0(-698)
932;2017-06-25 02:11:00;A(-281):(-532):B1(498):(779):C(994):(2303):D1(235):(-16338):E0(10103)
933;2017-02-10 23:53:00;A(-443):(-48):B1(-605):(261):C(487):(-3725):D1(-178):(-5118):E0(-358)
934;2017-02-28 00:16:00;A(1037):(16):B1(113):(-2758):C(273):(3480):D1(-47):(2792):E0(-1359)
935;2018-09-12 08:47:00;A(383):(38):B1(-244):(-2889):C(1182):(-1083):D1(189):(329):E0(-883)
936;2017-03-08 21:33:00;A(131):(60):B1(686):(1730):C(325):(4348):D1(317):(-8926):E0(900)
937;2017-04-05 15:07:00;A(550):(-59):B1(472):(1499):C(-1466):(-1994):D1(268):(-3062):E0(4037)
938;2017-04-19 23:12:00;A(2190):(210):B1(276):(-2178):C(-197):(71):D1(-223):(1287):E0(894)
939;2017-01-21 22:50:00;A(-1048):(590):B1(832):(1063):C(2329):(1506):D1(87):(1913):E0(13)
940;2017-01-26 14:45:00;A(-1221):(33):B1(260):(34):C(-2754):(-950):D1(-138):(15139):E0(1245)
941;2017-02-28 04:30:00;A(34):(-105):B1(359):(669):C(2749):(-12487):D1(852):(-4550):E0(273)
942;2017-04-02 18:44:00;A(-4471):(-3):B1(62):(-2817):C(4631):(447):D1(176):(-3699):E0(426)
943;2017-08-26 15:00:00;A(-606):(-326):B1(278):(5435):C(2738):(2441):D1(-578):(-2699):E0(-646)
944;2017-02-08 04:11:00;A(-1587):(-17):B1(-21):(223):C(-1013):(3284):D1(-47):(3503):E0(-3592)
945;2017-01-12 05:30:00;A(-186):(117):B1(-841):(-914):C(-2675):(-711):D1(-209):(3616):E0(1499)
946;2017-01-01 02:32:00;A(-270):(-484):B1(273):(-1635):C(-44):(325):D1(28):(-764):E0(1477)
947;2017-08-01 17:41:00;A(-1373):(26):B1(42):(876):C(36):(3316):D1(-7):(9166):E0(1857)
948;2017-03-08 02:32:00;A(-1286):(-62):B1(-923):(3240):C(94):(3229):D1(-107):(5):E0(1615)
949;2017-10-30 00:15:00;A(-186):(25):B1(-172):(605):C(-4288):(1906):D1(-933):(2649):E0(-1129)
950;2018-06-23 19:25:00;A(-1189):(-176):B1(-423):(-3789):C(5060):(-5714):D1(477):(-2482):E0(1716)
951;2017-06-07 14:04:00;A(4670):(469):B1(-249):(975):C(584):(-5458):D1(202):(-4966):E0(-1348)
952;2017-03-03 04:09:00;A(275):(-67):B1(109):(-1264):C(-3257):(6767):D1(20):(526):E0(-2307)
953;2017-03-29 08:44:00;A(-343):(-369):B1(93):(520):C(783):(2742):D1(-139):(-5298):E0(-839)
954;2017-04-17 00:43:00;A(-122):(-170):B1(1068):(-1614):C(-281):(8908):D1(-19):(2273):E0(427)
955;2017-01-08 21:08:00;A(824):(142):B1(-149):(2056):C(1170):(-4737):D1(-59):(6332):E0(2171)
956;2017-09-14 02:06:00;A(840):(7):B1(-341):(-283):C(223):(-4746):D1(573):(-685):E0(49)
957;2017-08-26 07:38:00;A(421):(66):B1(40):(-1938):C(-1881):(2496):D1(247):(-6138):E0(-1474)
958;2017-10-23 06:48:00;A(1201):(-50):B1(10):(85):C(1508):(-262):D1(222):(2769):E0(-291)
959;2017-04-12 01:49:00;A(1584):(13):B1(77):(754):C(-543):(3545):D1(-123):(-41):E0(1906)
960;2017-09-10 09:43:00;A(-906):(-25):B1(-51):(-1639):C(928):(434):D1(-464):(2017):E0(-10294)
961;2017-04-03 07:24:00;A(-404):(145):B1(310):(2682):C(-94):(1444):D1(686):(-4863):E0(1216)
962;2017-11-10 15:39:00;A(-516):(-113):B1(1352):(4813):C(182):(-17944):D1(-29):(-5217):E0(-4143)
963;2017-02-14 19:32:00;A(-121):(-178):B1(-363):(-2619):C(-1855):(247):D1(223):(16937):E0(46)
964;2017-06-18 18:51:00;A(2136):(-138):B1(423):(-434):C(-97):(7822):D1(-410):(-1110):E0(873)
965;2018-02-05 10:09:00;A(2209):(-103):B1(123):(2144):C(-1245):(-3544):D1(528):(4443):E0(895)
966;2017-05-09 15:39:00;A(-620):(185):B1(250):(245):C(-3033):(465):D1(189):(4855):E0(1867)
967;2018-04-03 03:35:00;A(1993):(-92):B1(85):(-1865):C(108):(-518):D1(-28):(-4782):E0(-164)
968;2017-03-09 21:19:00;A(-100):(101):B1(252):(1321):C(-45):(-1190):D1(88):(82):E0(1402)
969;2018-06-04 07:11:00;A(548):(-10):B1(-175):(504):C(-902):(1979):D1(-565):(-5656):E0(-974)
970;2018-04-21 18:09:00;A(-675):(-80):B1(-620):(-996):C(-1424):(-1391):D1(194):(-190):E0(-2604)
971;2017-11-18 07:26:00;A(3102):(7):B1(-980):(2128):C(-154):(2):D1(-212):(1377):E0(-433)
972;2017-10-26 19:28:00;A(129):(78):B1(23):(-529):C(134):(5865):D1(-59):(558):E0(3075)
973;2017-05-29 20:28:00;A(-1849):(67):B1(41):(-3756):C(723):(-9235):D1(125):(5792):E0(2330)
974;2017-01-16 03:41:00;A(98):(40):B1(27):(-1995):C(2444):(1848):D1(-106):(1041):E0(-1898)
975;2018-04-09 02:21:00;A(419):(-99):B1(28):(671):C(-1958):(1060):D1(36):(568):E0(1957)
976;2017-04-17 08:54:00;A(337):(88):B1(107):(1921):C(-1044):(159):D1(-425):(1710):E0(7664)
977;2017-01-08 06:43:00;A(165):(-205):B1(-223):(-63):C(-58):(2119):D1(-293):(5405):E0(625)
978;2017-01-25 15:14:00;A(832):(-19):B1(-169):(299):C(1420):(10769):D1(-612):(10204):E0(261)
979;2017-09-24 11:13:00;A(128):(-161):B1(-337):(6630):C(-49):(117):D1(326):(-8150):E0(-1276)
980;2017-03-24 06:28:00;A(-681):(11):B1(-8):(-472):C(-1018):(53):D1(-464):(1036):E0(1815)
981;2017-03-06 16:47:00;A(-950):(-272):B1(271):(564):C(-1449):(2796):D1(-7):(2025):E0(52)
982;2017-03-26 17:59:00;A(2438):(-120):B1(339):(4952):C(-627):(1979):D1(31):(2346):E0(-289)
983;2017-01-17 21:02:00;A(436):(248):B1(440):(-2182):C(1435):(-1192):D1(-458):(-2701):E0(5370)
984;2017-04-04 20:38:00;A(702):(-236):B1(-128):(2133):C(-565):(-1849):D1(-3):(-1075):E0(7338)
985;2017-08-06 23:08:00;A(598):(-142):B1(404):(-3572):C(998):(754):D1(191):(-1020):E0(731)
986;2017-10-24 18:18:00;A(105):(-37):B1(208):(1259):C(40):(474):D1(-146):(1298):E0(-1672)
987;2017-02-06 22:45:00;A(142):(21):B1(-511):(-122):C(809):(-2014):D1(24):(780):E0(537)
988;2017-05-19 01:29:00;A(-1102):(-86):B1(215):(-1132):C(762):(1533):D1(1252):(-1190):E0(-3216)
990;2017-01-24 11:46:00;A(-975):(445):B1(-403):(-7456):C(706):(549):D1(-130):(-1156):E0(1572)
991;2017-08-06 11:59:00;A(-250):(121):B1(558):(-700):C(-366):(-1121):D1(-184):(5502):E0(1680)
992;2018-06-09 09:32:00;A(-228):(105):B1(20):(-677):C(1392):(-1336):D1(103):(-969):E0(1153)
993;2017-05-23 09:45:00;A(1869):(50):B1(80):(-401):C(172):(-71):D1(29):(7082):E0(-3799)
994;2017-02-18 08:44:00;A(1330):(-141):B1(-718):(91):C(6):(2301):D1(-565):(3866):E0(-77)
995;2017-11-07 18:04:00;A(1373):(-108):B1(365):(-1683):C(3018):(-440):D1(-733):(1644):E0(-3497)
996;2017-04-07 12:23:00;A(-127):(197):B1(230):(-2783):C(-111):(2855):D1(628):(15):E0(1186)
997;2017-04-07 19:44:00;A(616):(84):B1(-114):(954):C(2636):(61):D1(313):(4907):E0(-2257)
998;2018-07-27 18:35:00;A(-343):(40):B1(9):(-4405):C(6189):(3884):D1(-426):(-1043):E0(-1080)
999;2018-05-15 09:05:00;A(-1016):(-762):B1(-72):(1792):C(-397):(3069):D1(-138):(7619):E0(2633)
1000;2017-01-11 22:07:00;A(-459):(313):B1(-42):(-1011):C(2987):(3228):D1(-156):(-1592):E0(-1779)
1001;2017-02-19 22:57:00;A(-131):(299):B1(-55):(-2856):C(-5044):(-533):D1(-508):(-4181):E0(992)
1002;2017-06-11 06:53:00;A(452):(-56):B1(7):(1946):C(2034):(-1102):D1(-102):(-1245):E0(464)
1003;2017-03-12 08:03:00;A(1575):(89):B1(328):(282):C(-4392):(3538):D1(49):(-3970):E0(-722)
1004;2017-06-06 01:23:00;A(-298):(58):B1(891):(124):C(82):(-1835):D1(70):(-2663):E0(120)
1005;2017-06-14 03:48:00;A(-4751):(-86):B1(-371):(-1536):C(923):(2681):D1(504):(4311):E0(-402)
1006;2019-05-24 06:37:00;A(-586):(-27):B1(98):(3121):C(-2419):(-681):D1(345):(-5180):E0(4398)
1007;2017-01-31 01:26:00;A(-706):(61):B1(-30):(-2058):C(2000):(-943):D1(1284):(-10166):E0(-2803)
1008;2017-03-23 10:06:00;A(-105):(71):B1(-194):(130):C(-1851):(1638):D1(193):(-3268):E0(-1244)
1009;2018-01-20 23:42:00;A(-1743):(358):B1(624):(572):C(1239):(-1457):D1(79):(-1471):E0(1760)
1010;2017-04-20 12:34:00;A(348):(83):B1(5):(-4232):C(907):(4086):D1(-88):(-10906):E0(1214)
1011;2017-01-07 12:39:00;A(648):(54):B1(-35):(-958):C(290):(5411):D1(-90):(7085):E0(-728)
1012;2017-01-15 03:50:00;A(1183):(33):B1(-536):(-6552):C(1136):(3927):D1(120):(120):E0(-19)
1013;2017-09-30 21:58:00;A(1459):(-118):B1(961):(-309):C(-1642):(1280):D1(175):(829):E0(1774)
1014;2017-01-05 18:44:00;A(-63):(-26):B1(-215):(7606):C(-1697):(1133):D1(-599):(-5952):E0(-1555)
1015;2017-02-06 22:08:00;A(39):(29):B1(-52):(-1990):C(3694):(1207):D1(-863):(859):E0(504)
1016;2017-01-06 07:22:00;A(918):(190):B1(-56):(-833):C(-294):(593):D1(8):(-8442):E0(-1673)
1017;2017-09-20 13:39:00;A(1319):(76):B1(-141):(3987):C(-2538):(3248):D1(-376):(7438):E0(-434)
1018;2017-05-22 07:32:00;A(957):(49):B1(199):(477):C(2423):(317):D1(-627):(1122):E0(-4096)
1019;2017-04-04 12:28:00;A(-697):(122):B1(-85):(3375):C(1629):(-349):D1(205):(-2660):E0(363)
1020;2017-02-19 10:21:00;A(-39):(265):B1(659):(4459):C(-39):(-569):D1(-644):(-4495):E0(2216)
1021;2017-09-27 23:58:00;A(526):(-269):B1(651):(-28):C(5578):(4587):D1(-109):(184):E0(-246)
1022;2017-05-16 09:06:00;A(154):(-324):B1(-356):(-370):C(-2593):(-1904):D1(702):(1746):E0(816)
1023;2017-03-14 10:56:00;A(-29):(-47):B1(570):(-1845):C(1284):(-6453):D1(-17):(-40):E0(-6133)
1024;2018-06-04 03:54:00;A(1394):(120):B1(42):(-441):C(27):(143):D1(271):(1422):E0(3403)
1025;2017-03-04 01:30:00;A(166):(8):B1(3):(2824):C(1123):(3188):D1(351):(-6261):E0(-311)
1026;2017-01-15 14:58:00;A(-1455):(393):B1(3):(3316):C(3812):(5844):D1(563):(4750):E0(683)
1027;2017-07-25 16:46:00;A(-3595):(-345):B1(228):(53):C(-2991):(1317):D1(-396):(930):E0(-1111)
1028;2017-02-23 19:45:00;A(-798):(-8):B1(395):(84):C(-299):(2906):D1(-621):(-5388):E0(1111)
1029;2017-11-10 21:37:00;A(-2096):(148):B1(346):(231):C(-1822):(2863):D1(-923):(15):E0(-1413)
1030;2017-05-01 10:44:00;A(2478):(-314):B1(53):(3333):C(1958):(-261):D1(360):(2969):E0(742)
1031;2017-11-03 04:12:00;A(-427):(88):B1(-344):(-896):C(113):(-807):D1(19):(4727):E0(1128)
1032;2018-10-09 19:21:00;A(-1921):(40):B1(-744):(2903):C(673):(1594):D1(292):(-9043):E0(2224)
1033;2017-07-15 19:29:00;A(-727):(-108):B1(75):(-614):C(-5815):(3161):D1(-420):(5166):E0(262)
1034;2017-02-08 16:44:00;A(-606):(10):B1(-103):(33):C(-484):(945):D1(324):(2445):E0(1380)
1035;2017-04-06 19:31:00;A(-25):(-163):B1(-453):(1085):C(-1131):(141):D1(180):(-3603):E0(-741)
1036;2017-06-23 13:49:00;A(-193):(271):B1(385):(3089):C(1715):(2464):D1(110):(3097):E0(967)
1037;2017-01-04 21:21:00;A(477):(559):B1(-258):(4038):C(1451):(1161):D1(791):(1726):E0(2315)
1039;2017-11-22 13:29:00;A(-557):(-242):B1(470):(5801):C(-437):(4056):D1(-238):(2561):E0(-1694)
1040;2017-06-19 10:40:00;A(1179):(130):B1(216):(-101):C(-183):(-6798):D1(189):(-2640):E0(24)
1041;2019-01-01 11:15:00;A(3112):(100):B1(-64):(5150):C(21):(3743):D1(-531):(3136):E0(1082)
1042;2017-08-05 22:07:00;A(2940):(250):B1(90):(1166):C(-819):(687):D1(69):(5406):E0(737)
1043;2017-03-11 23:21:00;A(673):(-38):B1(1309):(-1012):C(1096):(2280):D1(145):(-5401):E0(-589)
1044;2017-01-31 05:43:00;A(227):(189):B1(304):(1372):C(2028):(-56):D1(710):(2055):E0(5469)
1045;2017-07-23 14:02:00;A(801):(-50):B1(-437):(-536):C(-74):(-196):D1(-60):(1114):E0(-1482)
1046;2017-08-11 19:28:00;A(-1945):(15):B1(-662):(-22):C(-2427):(458):D1(113):(-405):E0(-889)
1047;2017-06-13 05:54:00;A(589):(281):B1(-555):(-1334):C(192):(-1572):D1(155):(-2870):E0(-369)
1048;2017-03-24 15:10:00;A(-909):(-166):B1(-468):(-471):C(435):(-355):D1(484):(2170):E0(-117)
1049;2017-12-04 12:39:00;A(1066):(-215):B1(-284):(283):C(-461):(2487):D1(354):(-1280):E0(-4546)
1050;2017-02-10 02:10:00;A(-3021):(-342):B1(358):(-2069):C(-768):(-564):D1(1267):(2907):E0(-2074)
1051;2017-02-21 08:41:00;A(493):(-95):B1(-240):(-2095):C(1396):(726):D1(1340):(830):E0(972)
1052;2017-02-12 08:48:00;A(326):(2):B1(-165):(600):C(-391):(-4735):D1(-206):(-847):E0(-118)
1053;2017-05-06 11:58:00;A(-143):(148):B1(-593):(-606):C(-1613):(2312):D1(-554):(-6939):E0(-1235)
1054;2017-08-07 06:57:00;A(208):(268):B1(-900):(1583):C(830):(2831):D1(2247):(-3576):E0(-1301)
1055;2017-04-24 01:32:00;A(-734):(-159):B1(-250):(499):C(-3377):(1771):D1(-47):(-6768):E0(-1714)
1057;2017-02-24 16:19:00;A(355):(65):B1(350):(2143):C(1414):(-1784):D1(-663):(189):E0(-884)
1058;2018-01-05 14:19:00;A(-484):(-124):B1(-333):(-1180):C(618):(3544):D1(378):(-2776):E0(2688)
1059;2017-04-21 18:22:00;A(-37):(58):B1(-410):(-10307):C(2572):(2106):D1(-217):(2001):E0(-80)
1060;2017-04-03 03:16:00;A(1357):(9):B1(1047):(932):C(-4607):(-2025):D1(80):(1790):E0(-805)
1061;2017-01-03 23:57:00;A(282):(23):B1(137):(2749):C(-5864):(4964):D1(-146):(-6975):E0(1853)
1063;2017-10-06 15:16:00;A(-27):(200):B1(270):(3069):C(-771):(-6148):D1(-19):(-1706):E0(854)
1064;2017-04-12 23:10:00;A(1497):(157):B1(726):(35):C(1958):(3079):D1(-1006):(917):E0(-119)
1065;2017-10-11 08:13:00;A(-926):(-105):B1(-34):(-585):C(-671):(13665):D1(-72):(4221):E0(396)
1066;2017-05-25 19:01:00;A(-209):(180):B1(525):(-5759):C(235):(771):D1(-489):(4343):E0(343)
1067;2017-04-09 06:54:00;A(-214):(188):B1(-186):(3525):C(4690):(-3594):D1(101):(-27):E0(-1352)
1068;2017-11-30 07:09:00;A(624):(72):B1(183):(1556):C(302):(2882):D1(754):(2400):E0(1802)
1069;2018-07-27 13:19:00;A(565):(-264):B1(-42):(391):C(292):(2521):D1(451):(-88):E0(1072)
1070;2017-02-20 06:35:00;A(-609):(-125):B1(329):(111):C(3706):(-1019):D1(188):(1221):E0(-3520)
1071;2017-01-05 13:11:00;A(-594):(-20):B1(335):(-148):C(1140):(-5920):D1(-422):(13150):E0(540)
1072;2017-04-10 19:45:00;A(1004):(-399):B1(-265):(810):C(-589):(-1794):D1(220):(502):E0(1294)
1073;2017-05-21 05:42:00;A(1421):(-47):B1(517):(595):C(49):(-1753):D1(-570):(2287):E0(2099)
1074;2017-02-06 22:29:00;A(20):(-88):B1(186):(-2272):C(-839):(-33):D1(-565):(433):E0(1751)
1075;2017-07-21 01:54:00;A(1793):(39):B1(173):(-4235):C(2570):(-708):D1(598):(3816):E0(2442)
1076;2019-06-19 04:08:00;A(2):(-209):B1(-155):(-4055):C(-4511):(-1606):D1(-564):(-4469):E0(789)
1077;2017-03-09 12:59:00;A(103):(-88):B1(396):(976):C(-1525):(-575):D1(757):(-512):E0(1707)
1078;2017-01-09 23:46:00;A(750):(42):B1(-399):(2617):C(183):(5782):D1(205):(-15161):E0(1113)
1079;2017-04-27 13:54:00;A(1235):(-308):B1(-183):(2768):C(429):(3756):D1(-591):(3996):E0(1740)
1080;2017-03-29 05:19:00;A(-311):(-108):B1(448):(-1925):C(-1264):(-310):D1(-514):(3249):E0(521)
1081;2018-10-20 13:43:00;A(-2885):(730):B1(165):(441):C(1437):(4769):D1(-155):(3566):E0(389)
1082;2017-06-18 00:48:00;A(-116):(52):B1(-250):(1334):C(-390):(-1333):D1(162):(-3461):E0(1501)
1083;2017-04-27 13:54:00;A(-634):(-182):B1(-177):(-191):C(963):(363):D1(847):(582):E0(-3586)
1084;2017-01-15 18:40:00;A(-1173):(297):B1(-24):(-2513):C(-354):(128):D1(-321):(3151):E0(4271)
1085;2017-11-24 15:02:00;A(189):(-205):B1(-496):(-683):C(-1188):(834):D1(78):(-3874):E0(-177)
1086;2017-05-02 20:08:00;A(-461):(-112):B1(-52):(749):C(-2677):(-2202):D1(41):(-2490):E0(2489)
